pair_id,domain,defense_name,attack_tier,initial_score,final_score,score_drop,threshold,fidelity_score,fidelity_threshold,is_evasive,passes_fidelity,is_fper,queries_consumed,source_text,initial_suspect_text,final_paraphrase_text,num_trajectory_steps
LEGAL_001,legal,D1_SBERT,Tier1_Static,0.7742,0.7655,0.0087,0.75,0.7574,0.75,False,True,False,2,"The defendant employer failed to provide adequate occupational safety equipment mandated by Article 157 of the Labor Code, directly causing the plaintiff's industrial injury. The regional labor tribunal holds the employer strictly liable for compensatory damages, medical reimbursement, and moral damages. (Case Record BR-TRT-2021-0001).","The respondent corporation neglected statutory safety obligations under Article 157 of the Labor Regulations, which was the proximate cause of petitioner's injury. The labor court establishes strict employer liability for pecuniary restitution, medical costs, and moral pain. (Jurisprudential Appeal TRT-2021-0001).","The respondent company disregarded statutory safety obligations under Article 157 of the Labor Regulations, which was the initiating cause of petitioner's injury. The labor court decrees strict employer liability for financial reimbursement, medical costs, and moral pain. (Jurisprudential Appeal TRT-2021-0001).",1
LEGAL_001,legal,D1_SBERT,Tier2_Saliency,0.7742,0.7609,0.0133,0.75,0.764,0.75,False,True,False,50,"The defendant employer failed to provide adequate occupational safety equipment mandated by Article 157 of the Labor Code, directly causing the plaintiff's industrial injury. The regional labor tribunal holds the employer strictly liable for compensatory damages, medical reimbursement, and moral damages. (Case Record BR-TRT-2021-0001).","The respondent corporation neglected statutory safety obligations under Article 157 of the Labor Regulations, which was the proximate cause of petitioner's injury. The labor court establishes strict employer liability for pecuniary restitution, medical costs, and moral pain. (Jurisprudential Appeal TRT-2021-0001).","The respondent organization failed to fulfill statutory safety obligations under Article 157 of the Labor Regulations, which was the initiating cause of petitioner's injury. The labor court decrees strict employer liability for financial reimbursement, medical costs, and moral pain. (Jurisprudential Appeal TRT-2021-0001).",6
LEGAL_001,legal,D1_SBERT,Corpus_Adversarial,0.7742,0.7675,0.0068,0.75,0.7664,0.75,False,True,False,2,"The defendant employer failed to provide adequate occupational safety equipment mandated by Article 157 of the Labor Code, directly causing the plaintiff's industrial injury. The regional labor tribunal holds the employer strictly liable for compensatory damages, medical reimbursement, and moral damages. (Case Record BR-TRT-2021-0001).","The respondent corporation neglected statutory safety obligations under Article 157 of the Labor Regulations, which was the proximate cause of petitioner's injury. The labor court establishes strict employer liability for pecuniary restitution, medical costs, and moral pain. (Jurisprudential Appeal TRT-2021-0001).","In judicial appeal #0001, The respondent corporation neglected statutory safety obligations under Article 157 of the Labor Regulations, which was the proximate cause of petitioner's injury. The labor court establishes strict employer liability for pecuniary restitution, medical costs, and moral pain. (Jurisprudential Appeal TRT-2021-0001).",1
LEGAL_001,legal,D2_SimCSE,Tier1_Static,0.8931,0.9087,-0.0156,0.75,0.7581,0.75,False,True,False,2,"The defendant employer failed to provide adequate occupational safety equipment mandated by Article 157 of the Labor Code, directly causing the plaintiff's industrial injury. The regional labor tribunal holds the employer strictly liable for compensatory damages, medical reimbursement, and moral damages. (Case Record BR-TRT-2021-0001).","The respondent corporation neglected statutory safety obligations under Article 157 of the Labor Regulations, which was the proximate cause of petitioner's injury. The labor court establishes strict employer liability for pecuniary restitution, medical costs, and moral pain. (Jurisprudential Appeal TRT-2021-0001).","The respondent company omitted statutory safety obligations under Article 157 of the Labor Regulations, which was the primary determinant of petitioner's injury. The labor court adjudicates strict employer liability for damages award, medical costs, and moral pain. (Jurisprudential Appeal TRT-2021-0001).",1
LEGAL_001,legal,D2_SimCSE,Tier2_Saliency,0.8931,0.8619,0.0312,0.75,0.7617,0.75,False,True,False,50,"The defendant employer failed to provide adequate occupational safety equipment mandated by Article 157 of the Labor Code, directly causing the plaintiff's industrial injury. The regional labor tribunal holds the employer strictly liable for compensatory damages, medical reimbursement, and moral damages. (Case Record BR-TRT-2021-0001).","The respondent corporation neglected statutory safety obligations under Article 157 of the Labor Regulations, which was the proximate cause of petitioner's injury. The labor court establishes strict employer liability for pecuniary restitution, medical costs, and moral pain. (Jurisprudential Appeal TRT-2021-0001).","The respondent organization omitted statutory safety obligations under Article 157 of the Labor Regulations, which was the proximate cause of petitioner's injury. Medical costs, and moral pain., the labor court affirms strict employer liability for financial reimbursement (Jurisprudential Appeal TRT-2021-0001).",6
LEGAL_001,legal,D2_SimCSE,Corpus_Adversarial,0.8931,0.8823,0.0108,0.75,0.7664,0.75,False,True,False,2,"The defendant employer failed to provide adequate occupational safety equipment mandated by Article 157 of the Labor Code, directly causing the plaintiff's industrial injury. The regional labor tribunal holds the employer strictly liable for compensatory damages, medical reimbursement, and moral damages. (Case Record BR-TRT-2021-0001).","The respondent corporation neglected statutory safety obligations under Article 157 of the Labor Regulations, which was the proximate cause of petitioner's injury. The labor court establishes strict employer liability for pecuniary restitution, medical costs, and moral pain. (Jurisprudential Appeal TRT-2021-0001).","In judicial appeal #0001, The respondent corporation neglected statutory safety obligations under Article 157 of the Labor Regulations, which was the proximate cause of petitioner's injury. The labor court establishes strict employer liability for pecuniary restitution, medical costs, and moral pain. (Jurisprudential Appeal TRT-2021-0001).",1
LEGAL_001,legal,D3_BMX_Hybrid,Tier1_Static,0.5036,0.5036,0.0,0.75,0.7637,0.75,True,True,True,1,"The defendant employer failed to provide adequate occupational safety equipment mandated by Article 157 of the Labor Code, directly causing the plaintiff's industrial injury. The regional labor tribunal holds the employer strictly liable for compensatory damages, medical reimbursement, and moral damages. (Case Record BR-TRT-2021-0001).","The respondent corporation neglected statutory safety obligations under Article 157 of the Labor Regulations, which was the proximate cause of petitioner's injury. The labor court establishes strict employer liability for pecuniary restitution, medical costs, and moral pain. (Jurisprudential Appeal TRT-2021-0001).","The respondent corporation neglected statutory safety obligations under Article 157 of the Labor Regulations, which was the proximate cause of petitioner's injury. The labor court establishes strict employer liability for pecuniary restitution, medical costs, and moral pain. (Jurisprudential Appeal TRT-2021-0001).",0
LEGAL_001,legal,D3_BMX_Hybrid,Tier2_Saliency,0.5036,0.5036,0.0,0.75,0.7637,0.75,True,True,True,1,"The defendant employer failed to provide adequate occupational safety equipment mandated by Article 157 of the Labor Code, directly causing the plaintiff's industrial injury. The regional labor tribunal holds the employer strictly liable for compensatory damages, medical reimbursement, and moral damages. (Case Record BR-TRT-2021-0001).","The respondent corporation neglected statutory safety obligations under Article 157 of the Labor Regulations, which was the proximate cause of petitioner's injury. The labor court establishes strict employer liability for pecuniary restitution, medical costs, and moral pain. (Jurisprudential Appeal TRT-2021-0001).","The respondent corporation neglected statutory safety obligations under Article 157 of the Labor Regulations, which was the proximate cause of petitioner's injury. The labor court establishes strict employer liability for pecuniary restitution, medical costs, and moral pain. (Jurisprudential Appeal TRT-2021-0001).",0
LEGAL_001,legal,D3_BMX_Hybrid,Corpus_Adversarial,0.5036,0.4941,0.0095,0.75,0.7664,0.75,True,True,True,2,"The defendant employer failed to provide adequate occupational safety equipment mandated by Article 157 of the Labor Code, directly causing the plaintiff's industrial injury. The regional labor tribunal holds the employer strictly liable for compensatory damages, medical reimbursement, and moral damages. (Case Record BR-TRT-2021-0001).","The respondent corporation neglected statutory safety obligations under Article 157 of the Labor Regulations, which was the proximate cause of petitioner's injury. The labor court establishes strict employer liability for pecuniary restitution, medical costs, and moral pain. (Jurisprudential Appeal TRT-2021-0001).","In judicial appeal #0001, The respondent corporation neglected statutory safety obligations under Article 157 of the Labor Regulations, which was the proximate cause of petitioner's injury. The labor court establishes strict employer liability for pecuniary restitution, medical costs, and moral pain. (Jurisprudential Appeal TRT-2021-0001).",1
LEGAL_001,legal,D4_ColBERT_MultiVector,Tier1_Static,0.6959,0.6959,0.0,0.75,0.7637,0.75,True,True,True,1,"The defendant employer failed to provide adequate occupational safety equipment mandated by Article 157 of the Labor Code, directly causing the plaintiff's industrial injury. The regional labor tribunal holds the employer strictly liable for compensatory damages, medical reimbursement, and moral damages. (Case Record BR-TRT-2021-0001).","The respondent corporation neglected statutory safety obligations under Article 157 of the Labor Regulations, which was the proximate cause of petitioner's injury. The labor court establishes strict employer liability for pecuniary restitution, medical costs, and moral pain. (Jurisprudential Appeal TRT-2021-0001).","The respondent corporation neglected statutory safety obligations under Article 157 of the Labor Regulations, which was the proximate cause of petitioner's injury. The labor court establishes strict employer liability for pecuniary restitution, medical costs, and moral pain. (Jurisprudential Appeal TRT-2021-0001).",0
LEGAL_001,legal,D4_ColBERT_MultiVector,Tier2_Saliency,0.6959,0.6959,0.0,0.75,0.7637,0.75,True,True,True,1,"The defendant employer failed to provide adequate occupational safety equipment mandated by Article 157 of the Labor Code, directly causing the plaintiff's industrial injury. The regional labor tribunal holds the employer strictly liable for compensatory damages, medical reimbursement, and moral damages. (Case Record BR-TRT-2021-0001).","The respondent corporation neglected statutory safety obligations under Article 157 of the Labor Regulations, which was the proximate cause of petitioner's injury. The labor court establishes strict employer liability for pecuniary restitution, medical costs, and moral pain. (Jurisprudential Appeal TRT-2021-0001).","The respondent corporation neglected statutory safety obligations under Article 157 of the Labor Regulations, which was the proximate cause of petitioner's injury. The labor court establishes strict employer liability for pecuniary restitution, medical costs, and moral pain. (Jurisprudential Appeal TRT-2021-0001).",0
LEGAL_001,legal,D4_ColBERT_MultiVector,Corpus_Adversarial,0.6959,0.6947,0.0013,0.75,0.7664,0.75,True,True,True,2,"The defendant employer failed to provide adequate occupational safety equipment mandated by Article 157 of the Labor Code, directly causing the plaintiff's industrial injury. The regional labor tribunal holds the employer strictly liable for compensatory damages, medical reimbursement, and moral damages. (Case Record BR-TRT-2021-0001).","The respondent corporation neglected statutory safety obligations under Article 157 of the Labor Regulations, which was the proximate cause of petitioner's injury. The labor court establishes strict employer liability for pecuniary restitution, medical costs, and moral pain. (Jurisprudential Appeal TRT-2021-0001).","In judicial appeal #0001, The respondent corporation neglected statutory safety obligations under Article 157 of the Labor Regulations, which was the proximate cause of petitioner's injury. The labor court establishes strict employer liability for pecuniary restitution, medical costs, and moral pain. (Jurisprudential Appeal TRT-2021-0001).",1
LEGAL_001,legal,D5_Longformer,Tier1_Static,0.7742,0.7792,-0.005,0.75,0.7673,0.75,False,True,False,2,"The defendant employer failed to provide adequate occupational safety equipment mandated by Article 157 of the Labor Code, directly causing the plaintiff's industrial injury. The regional labor tribunal holds the employer strictly liable for compensatory damages, medical reimbursement, and moral damages. (Case Record BR-TRT-2021-0001).","The respondent corporation neglected statutory safety obligations under Article 157 of the Labor Regulations, which was the proximate cause of petitioner's injury. The labor court establishes strict employer liability for pecuniary restitution, medical costs, and moral pain. (Jurisprudential Appeal TRT-2021-0001).","The respondent company failed to fulfill statutory safety obligations under Article 157 of the Labor Regulations, which was the direct factor of petitioner's injury. The labor court decrees strict employer liability for financial reimbursement, medical costs, and moral pain. (Jurisprudential Appeal TRT-2021-0001).",1
LEGAL_001,legal,D5_Longformer,Tier2_Saliency,0.7742,0.7665,0.0077,0.75,0.7601,0.75,False,True,False,50,"The defendant employer failed to provide adequate occupational safety equipment mandated by Article 157 of the Labor Code, directly causing the plaintiff's industrial injury. The regional labor tribunal holds the employer strictly liable for compensatory damages, medical reimbursement, and moral damages. (Case Record BR-TRT-2021-0001).","The respondent corporation neglected statutory safety obligations under Article 157 of the Labor Regulations, which was the proximate cause of petitioner's injury. The labor court establishes strict employer liability for pecuniary restitution, medical costs, and moral pain. (Jurisprudential Appeal TRT-2021-0001).","The respondent organization disregarded statutory safety obligations under Article 157 of the Labor Regulations, which was the direct factor of petitioner's injury. The labor court decrees strict employer liability for damages award, medical costs, and moral pain. (Jurisprudential Appeal TRT-2021-0001).",6
LEGAL_001,legal,D5_Longformer,Corpus_Adversarial,0.7742,0.7675,0.0068,0.75,0.7664,0.75,False,True,False,2,"The defendant employer failed to provide adequate occupational safety equipment mandated by Article 157 of the Labor Code, directly causing the plaintiff's industrial injury. The regional labor tribunal holds the employer strictly liable for compensatory damages, medical reimbursement, and moral damages. (Case Record BR-TRT-2021-0001).","The respondent corporation neglected statutory safety obligations under Article 157 of the Labor Regulations, which was the proximate cause of petitioner's injury. The labor court establishes strict employer liability for pecuniary restitution, medical costs, and moral pain. (Jurisprudential Appeal TRT-2021-0001).","In judicial appeal #0001, The respondent corporation neglected statutory safety obligations under Article 157 of the Labor Regulations, which was the proximate cause of petitioner's injury. The labor court establishes strict employer liability for pecuniary restitution, medical costs, and moral pain. (Jurisprudential Appeal TRT-2021-0001).",1
LEGAL_002,legal,D1_SBERT,Tier1_Static,0.8191,0.802,0.017,0.75,0.9176,0.75,False,True,False,2,"Under the non-disclosure covenant in Section 4.2, the receiving party agrees to hold all proprietary technical data and trade secrets in strict confidence. Any unauthorized disclosure or reverse engineering constitutes an immediate material breach entitling the disclosing party to injunctive relief and liquidated damages. (Case Record BR-TRT-2022-0002).","Pursuant to confidentiality stipulations in Section 4.2, the recipient commits to maintaining all proprietary technical specifications and commercial secrets under rigorous secrecy. Unauthorized disclosure or decompilation represents an actionable contractual default granting injunctive remedies and damages. (Jurisprudential Appeal TRT-2022-0002).","Pursuant to confidentiality stipulations in Section 4.2, the recipient commits to maintaining all proprietary proprietary architectures and commercial secrets under rigorous secrecy. Unauthorized disclosure or decompilation represents an actionable contractual default granting injunctive remedies and damages. (Jurisprudential Appeal TRT-2022-0002).",1
LEGAL_002,legal,D1_SBERT,Tier2_Saliency,0.8191,0.7986,0.0205,0.75,0.9286,0.75,False,True,False,50,"Under the non-disclosure covenant in Section 4.2, the receiving party agrees to hold all proprietary technical data and trade secrets in strict confidence. Any unauthorized disclosure or reverse engineering constitutes an immediate material breach entitling the disclosing party to injunctive relief and liquidated damages. (Case Record BR-TRT-2022-0002).","Pursuant to confidentiality stipulations in Section 4.2, the recipient commits to maintaining all proprietary technical specifications and commercial secrets under rigorous secrecy. Unauthorized disclosure or decompilation represents an actionable contractual default granting injunctive remedies and damages. (Jurisprudential Appeal TRT-2022-0002).","Pursuant to confidentiality stipulations in Section 4.2, the recipient commits to maintaining all proprietary engineering blueprints and commercial secrets under rigorous secrecy. Unauthorized disclosure or decompilation represents an actionable contractual default granting injunctive remedies and damages. (Jurisprudential Appeal TRT-2022-0002).",6
LEGAL_002,legal,D1_SBERT,Corpus_Adversarial,0.8191,0.7609,0.0582,0.75,0.9257,0.75,False,True,False,2,"Under the non-disclosure covenant in Section 4.2, the receiving party agrees to hold all proprietary technical data and trade secrets in strict confidence. Any unauthorized disclosure or reverse engineering constitutes an immediate material breach entitling the disclosing party to injunctive relief and liquidated damages. (Case Record BR-TRT-2022-0002).","Pursuant to confidentiality stipulations in Section 4.2, the recipient commits to maintaining all proprietary technical specifications and commercial secrets under rigorous secrecy. Unauthorized disclosure or decompilation represents an actionable contractual default granting injunctive remedies and damages. (Jurisprudential Appeal TRT-2022-0002).","In judicial appeal #0002, Pursuant to confidentiality stipulations in Section 4.2, the recipient commits to maintaining all proprietary technical specifications and commercial secrets under rigorous secrecy. Unauthorized disclosure or decompilation represents an actionable contractual default granting injunctive remedies and damages. (Jurisprudential Appeal TRT-2022-0002).",1
LEGAL_002,legal,D2_SimCSE,Tier1_Static,0.9292,0.9279,0.0013,0.75,0.9286,0.75,False,True,False,2,"Under the non-disclosure covenant in Section 4.2, the receiving party agrees to hold all proprietary technical data and trade secrets in strict confidence. Any unauthorized disclosure or reverse engineering constitutes an immediate material breach entitling the disclosing party to injunctive relief and liquidated damages. (Case Record BR-TRT-2022-0002).","Pursuant to confidentiality stipulations in Section 4.2, the recipient commits to maintaining all proprietary technical specifications and commercial secrets under rigorous secrecy. Unauthorized disclosure or decompilation represents an actionable contractual default granting injunctive remedies and damages. (Jurisprudential Appeal TRT-2022-0002).","Pursuant to confidentiality stipulations in Section 4.2, the recipient commits to maintaining all proprietary engineering blueprints and commercial secrets under rigorous secrecy. Unauthorized disclosure or decompilation represents an actionable contractual default granting injunctive remedies and damages. (Jurisprudential Appeal TRT-2022-0002).",1
LEGAL_002,legal,D2_SimCSE,Tier2_Saliency,0.9292,0.919,0.0102,0.75,0.9176,0.75,False,True,False,50,"Under the non-disclosure covenant in Section 4.2, the receiving party agrees to hold all proprietary technical data and trade secrets in strict confidence. Any unauthorized disclosure or reverse engineering constitutes an immediate material breach entitling the disclosing party to injunctive relief and liquidated damages. (Case Record BR-TRT-2022-0002).","Pursuant to confidentiality stipulations in Section 4.2, the recipient commits to maintaining all proprietary technical specifications and commercial secrets under rigorous secrecy. Unauthorized disclosure or decompilation represents an actionable contractual default granting injunctive remedies and damages. (Jurisprudential Appeal TRT-2022-0002).","Pursuant to confidentiality stipulations in Section 4.2, the recipient commits to maintaining all proprietary proprietary architectures and commercial secrets under rigorous secrecy. Unauthorized disclosure or decompilation represents an actionable contractual default granting injunctive remedies and damages. (Jurisprudential Appeal TRT-2022-0002).",6
LEGAL_002,legal,D2_SimCSE,Corpus_Adversarial,0.9292,0.9167,0.0125,0.75,0.9257,0.75,False,True,False,2,"Under the non-disclosure covenant in Section 4.2, the receiving party agrees to hold all proprietary technical data and trade secrets in strict confidence. Any unauthorized disclosure or reverse engineering constitutes an immediate material breach entitling the disclosing party to injunctive relief and liquidated damages. (Case Record BR-TRT-2022-0002).","Pursuant to confidentiality stipulations in Section 4.2, the recipient commits to maintaining all proprietary technical specifications and commercial secrets under rigorous secrecy. Unauthorized disclosure or decompilation represents an actionable contractual default granting injunctive remedies and damages. (Jurisprudential Appeal TRT-2022-0002).","In judicial appeal #0002, Pursuant to confidentiality stipulations in Section 4.2, the recipient commits to maintaining all proprietary technical specifications and commercial secrets under rigorous secrecy. Unauthorized disclosure or decompilation represents an actionable contractual default granting injunctive remedies and damages. (Jurisprudential Appeal TRT-2022-0002).",1
LEGAL_002,legal,D3_BMX_Hybrid,Tier1_Static,0.5519,0.5519,0.0,0.75,0.9269,0.75,True,True,True,1,"Under the non-disclosure covenant in Section 4.2, the receiving party agrees to hold all proprietary technical data and trade secrets in strict confidence. Any unauthorized disclosure or reverse engineering constitutes an immediate material breach entitling the disclosing party to injunctive relief and liquidated damages. (Case Record BR-TRT-2022-0002).","Pursuant to confidentiality stipulations in Section 4.2, the recipient commits to maintaining all proprietary technical specifications and commercial secrets under rigorous secrecy. Unauthorized disclosure or decompilation represents an actionable contractual default granting injunctive remedies and damages. (Jurisprudential Appeal TRT-2022-0002).","Pursuant to confidentiality stipulations in Section 4.2, the recipient commits to maintaining all proprietary technical specifications and commercial secrets under rigorous secrecy. Unauthorized disclosure or decompilation represents an actionable contractual default granting injunctive remedies and damages. (Jurisprudential Appeal TRT-2022-0002).",0
LEGAL_002,legal,D3_BMX_Hybrid,Tier2_Saliency,0.5519,0.5519,0.0,0.75,0.9269,0.75,True,True,True,1,"Under the non-disclosure covenant in Section 4.2, the receiving party agrees to hold all proprietary technical data and trade secrets in strict confidence. Any unauthorized disclosure or reverse engineering constitutes an immediate material breach entitling the disclosing party to injunctive relief and liquidated damages. (Case Record BR-TRT-2022-0002).","Pursuant to confidentiality stipulations in Section 4.2, the recipient commits to maintaining all proprietary technical specifications and commercial secrets under rigorous secrecy. Unauthorized disclosure or decompilation represents an actionable contractual default granting injunctive remedies and damages. (Jurisprudential Appeal TRT-2022-0002).","Pursuant to confidentiality stipulations in Section 4.2, the recipient commits to maintaining all proprietary technical specifications and commercial secrets under rigorous secrecy. Unauthorized disclosure or decompilation represents an actionable contractual default granting injunctive remedies and damages. (Jurisprudential Appeal TRT-2022-0002).",0
LEGAL_002,legal,D3_BMX_Hybrid,Corpus_Adversarial,0.5519,0.5223,0.0296,0.75,0.9257,0.75,True,True,True,2,"Under the non-disclosure covenant in Section 4.2, the receiving party agrees to hold all proprietary technical data and trade secrets in strict confidence. Any unauthorized disclosure or reverse engineering constitutes an immediate material breach entitling the disclosing party to injunctive relief and liquidated damages. (Case Record BR-TRT-2022-0002).","Pursuant to confidentiality stipulations in Section 4.2, the recipient commits to maintaining all proprietary technical specifications and commercial secrets under rigorous secrecy. Unauthorized disclosure or decompilation represents an actionable contractual default granting injunctive remedies and damages. (Jurisprudential Appeal TRT-2022-0002).","In judicial appeal #0002, Pursuant to confidentiality stipulations in Section 4.2, the recipient commits to maintaining all proprietary technical specifications and commercial secrets under rigorous secrecy. Unauthorized disclosure or decompilation represents an actionable contractual default granting injunctive remedies and damages. (Jurisprudential Appeal TRT-2022-0002).",1
LEGAL_002,legal,D4_ColBERT_MultiVector,Tier1_Static,0.714,0.714,0.0,0.75,0.9269,0.75,True,True,True,1,"Under the non-disclosure covenant in Section 4.2, the receiving party agrees to hold all proprietary technical data and trade secrets in strict confidence. Any unauthorized disclosure or reverse engineering constitutes an immediate material breach entitling the disclosing party to injunctive relief and liquidated damages. (Case Record BR-TRT-2022-0002).","Pursuant to confidentiality stipulations in Section 4.2, the recipient commits to maintaining all proprietary technical specifications and commercial secrets under rigorous secrecy. Unauthorized disclosure or decompilation represents an actionable contractual default granting injunctive remedies and damages. (Jurisprudential Appeal TRT-2022-0002).","Pursuant to confidentiality stipulations in Section 4.2, the recipient commits to maintaining all proprietary technical specifications and commercial secrets under rigorous secrecy. Unauthorized disclosure or decompilation represents an actionable contractual default granting injunctive remedies and damages. (Jurisprudential Appeal TRT-2022-0002).",0
LEGAL_002,legal,D4_ColBERT_MultiVector,Tier2_Saliency,0.714,0.714,0.0,0.75,0.9269,0.75,True,True,True,1,"Under the non-disclosure covenant in Section 4.2, the receiving party agrees to hold all proprietary technical data and trade secrets in strict confidence. Any unauthorized disclosure or reverse engineering constitutes an immediate material breach entitling the disclosing party to injunctive relief and liquidated damages. (Case Record BR-TRT-2022-0002).","Pursuant to confidentiality stipulations in Section 4.2, the recipient commits to maintaining all proprietary technical specifications and commercial secrets under rigorous secrecy. Unauthorized disclosure or decompilation represents an actionable contractual default granting injunctive remedies and damages. (Jurisprudential Appeal TRT-2022-0002).","Pursuant to confidentiality stipulations in Section 4.2, the recipient commits to maintaining all proprietary technical specifications and commercial secrets under rigorous secrecy. Unauthorized disclosure or decompilation represents an actionable contractual default granting injunctive remedies and damages. (Jurisprudential Appeal TRT-2022-0002).",0
LEGAL_002,legal,D4_ColBERT_MultiVector,Corpus_Adversarial,0.714,0.6944,0.0196,0.75,0.9257,0.75,True,True,True,2,"Under the non-disclosure covenant in Section 4.2, the receiving party agrees to hold all proprietary technical data and trade secrets in strict confidence. Any unauthorized disclosure or reverse engineering constitutes an immediate material breach entitling the disclosing party to injunctive relief and liquidated damages. (Case Record BR-TRT-2022-0002).","Pursuant to confidentiality stipulations in Section 4.2, the recipient commits to maintaining all proprietary technical specifications and commercial secrets under rigorous secrecy. Unauthorized disclosure or decompilation represents an actionable contractual default granting injunctive remedies and damages. (Jurisprudential Appeal TRT-2022-0002).","In judicial appeal #0002, Pursuant to confidentiality stipulations in Section 4.2, the recipient commits to maintaining all proprietary technical specifications and commercial secrets under rigorous secrecy. Unauthorized disclosure or decompilation represents an actionable contractual default granting injunctive remedies and damages. (Jurisprudential Appeal TRT-2022-0002).",1
LEGAL_002,legal,D5_Longformer,Tier1_Static,0.8191,0.8281,-0.009,0.75,0.9285,0.75,False,True,False,2,"Under the non-disclosure covenant in Section 4.2, the receiving party agrees to hold all proprietary technical data and trade secrets in strict confidence. Any unauthorized disclosure or reverse engineering constitutes an immediate material breach entitling the disclosing party to injunctive relief and liquidated damages. (Case Record BR-TRT-2022-0002).","Pursuant to confidentiality stipulations in Section 4.2, the recipient commits to maintaining all proprietary technical specifications and commercial secrets under rigorous secrecy. Unauthorized disclosure or decompilation represents an actionable contractual default granting injunctive remedies and damages. (Jurisprudential Appeal TRT-2022-0002).","Pursuant to confidentiality stipulations in Section 4.2, the recipient commits to maintaining all proprietary specialized data and commercial secrets under rigorous secrecy. Unauthorized disclosure or decompilation represents an actionable contractual default granting injunctive remedies and damages. (Jurisprudential Appeal TRT-2022-0002).",1
LEGAL_002,legal,D5_Longformer,Tier2_Saliency,0.8191,0.7986,0.0205,0.75,0.9286,0.75,False,True,False,50,"Under the non-disclosure covenant in Section 4.2, the receiving party agrees to hold all proprietary technical data and trade secrets in strict confidence. Any unauthorized disclosure or reverse engineering constitutes an immediate material breach entitling the disclosing party to injunctive relief and liquidated damages. (Case Record BR-TRT-2022-0002).","Pursuant to confidentiality stipulations in Section 4.2, the recipient commits to maintaining all proprietary technical specifications and commercial secrets under rigorous secrecy. Unauthorized disclosure or decompilation represents an actionable contractual default granting injunctive remedies and damages. (Jurisprudential Appeal TRT-2022-0002).","Pursuant to confidentiality stipulations in Section 4.2, the recipient commits to maintaining all proprietary engineering blueprints and commercial secrets under rigorous secrecy. Unauthorized disclosure or decompilation represents an actionable contractual default granting injunctive remedies and damages. (Jurisprudential Appeal TRT-2022-0002).",6
LEGAL_002,legal,D5_Longformer,Corpus_Adversarial,0.8191,0.7609,0.0582,0.75,0.9257,0.75,False,True,False,2,"Under the non-disclosure covenant in Section 4.2, the receiving party agrees to hold all proprietary technical data and trade secrets in strict confidence. Any unauthorized disclosure or reverse engineering constitutes an immediate material breach entitling the disclosing party to injunctive relief and liquidated damages. (Case Record BR-TRT-2022-0002).","Pursuant to confidentiality stipulations in Section 4.2, the recipient commits to maintaining all proprietary technical specifications and commercial secrets under rigorous secrecy. Unauthorized disclosure or decompilation represents an actionable contractual default granting injunctive remedies and damages. (Jurisprudential Appeal TRT-2022-0002).","In judicial appeal #0002, Pursuant to confidentiality stipulations in Section 4.2, the recipient commits to maintaining all proprietary technical specifications and commercial secrets under rigorous secrecy. Unauthorized disclosure or decompilation represents an actionable contractual default granting injunctive remedies and damages. (Jurisprudential Appeal TRT-2022-0002).",1
LEGAL_003,legal,D1_SBERT,Tier1_Static,0.9097,0.8872,0.0225,0.75,0.9241,0.75,False,True,False,2,"In patent infringement litigation, the doctrine of equivalents permits a finding of infringement when an accused device performs substantially the same function in substantially the same way to achieve substantially the same result as the claimed invention. (Case Record BR-TRT-2023-0003).","Under patent jurisprudence, the doctrine of equivalents establishes infringement if the contested product executes substantially identical functions through substantially equivalent mechanisms to obtain substantially the same technical outcome. (Jurisprudential Appeal TRT-2023-0003).","Under patent jurisprudence, the doctrine of equivalents adjudicates infringement if the contested product executes substantially identical functions through substantially equivalent mechanisms to obtain substantially the same technical outcome. (Jurisprudential Appeal TRT-2023-0003).",1
LEGAL_003,legal,D1_SBERT,Tier2_Saliency,0.9097,0.8663,0.0434,0.75,0.9283,0.75,False,True,False,50,"In patent infringement litigation, the doctrine of equivalents permits a finding of infringement when an accused device performs substantially the same function in substantially the same way to achieve substantially the same result as the claimed invention. (Case Record BR-TRT-2023-0003).","Under patent jurisprudence, the doctrine of equivalents establishes infringement if the contested product executes substantially identical functions through substantially equivalent mechanisms to obtain substantially the same technical outcome. (Jurisprudential Appeal TRT-2023-0003).","Under patent jurisprudence, the doctrine of equivalents decrees infringement if the contested product executes substantially identical functions through substantially equivalent mechanisms to obtain substantially the same technical outcome. (Jurisprudential Appeal TRT-2023-0003).",7
LEGAL_003,legal,D1_SBERT,Corpus_Adversarial,0.9097,0.8889,0.0208,0.75,0.9349,0.75,False,True,False,2,"In patent infringement litigation, the doctrine of equivalents permits a finding of infringement when an accused device performs substantially the same function in substantially the same way to achieve substantially the same result as the claimed invention. (Case Record BR-TRT-2023-0003).","Under patent jurisprudence, the doctrine of equivalents establishes infringement if the contested product executes substantially identical functions through substantially equivalent mechanisms to obtain substantially the same technical outcome. (Jurisprudential Appeal TRT-2023-0003).","In judicial appeal #0003, Under patent jurisprudence, the doctrine of equivalents establishes infringement if the contested product executes substantially identical functions through substantially equivalent mechanisms to obtain substantially the same technical outcome. (Jurisprudential Appeal TRT-2023-0003).",1
LEGAL_003,legal,D2_SimCSE,Tier1_Static,0.9462,0.9418,0.0045,0.75,0.9283,0.75,False,True,False,2,"In patent infringement litigation, the doctrine of equivalents permits a finding of infringement when an accused device performs substantially the same function in substantially the same way to achieve substantially the same result as the claimed invention. (Case Record BR-TRT-2023-0003).","Under patent jurisprudence, the doctrine of equivalents establishes infringement if the contested product executes substantially identical functions through substantially equivalent mechanisms to obtain substantially the same technical outcome. (Jurisprudential Appeal TRT-2023-0003).","Under patent jurisprudence, the doctrine of equivalents decrees infringement if the contested product executes substantially identical functions through substantially equivalent mechanisms to obtain substantially the same technical outcome. (Jurisprudential Appeal TRT-2023-0003).",1
LEGAL_003,legal,D2_SimCSE,Tier2_Saliency,0.9462,0.9418,0.0045,0.75,0.9283,0.75,False,True,False,50,"In patent infringement litigation, the doctrine of equivalents permits a finding of infringement when an accused device performs substantially the same function in substantially the same way to achieve substantially the same result as the claimed invention. (Case Record BR-TRT-2023-0003).","Under patent jurisprudence, the doctrine of equivalents establishes infringement if the contested product executes substantially identical functions through substantially equivalent mechanisms to obtain substantially the same technical outcome. (Jurisprudential Appeal TRT-2023-0003).","Under patent jurisprudence, the doctrine of equivalents decrees infringement if the contested product executes substantially identical functions through substantially equivalent mechanisms to obtain substantially the same technical outcome. (Jurisprudential Appeal TRT-2023-0003).",7
LEGAL_003,legal,D2_SimCSE,Corpus_Adversarial,0.9462,0.9463,-0.0,0.75,0.9349,0.75,False,True,False,2,"In patent infringement litigation, the doctrine of equivalents permits a finding of infringement when an accused device performs substantially the same function in substantially the same way to achieve substantially the same result as the claimed invention. (Case Record BR-TRT-2023-0003).","Under patent jurisprudence, the doctrine of equivalents establishes infringement if the contested product executes substantially identical functions through substantially equivalent mechanisms to obtain substantially the same technical outcome. (Jurisprudential Appeal TRT-2023-0003).","In judicial appeal #0003, Under patent jurisprudence, the doctrine of equivalents establishes infringement if the contested product executes substantially identical functions through substantially equivalent mechanisms to obtain substantially the same technical outcome. (Jurisprudential Appeal TRT-2023-0003).",1
LEGAL_003,legal,D3_BMX_Hybrid,Tier1_Static,0.5622,0.5622,0.0,0.75,0.9265,0.75,True,True,True,1,"In patent infringement litigation, the doctrine of equivalents permits a finding of infringement when an accused device performs substantially the same function in substantially the same way to achieve substantially the same result as the claimed invention. (Case Record BR-TRT-2023-0003).","Under patent jurisprudence, the doctrine of equivalents establishes infringement if the contested product executes substantially identical functions through substantially equivalent mechanisms to obtain substantially the same technical outcome. (Jurisprudential Appeal TRT-2023-0003).","Under patent jurisprudence, the doctrine of equivalents establishes infringement if the contested product executes substantially identical functions through substantially equivalent mechanisms to obtain substantially the same technical outcome. (Jurisprudential Appeal TRT-2023-0003).",0
LEGAL_003,legal,D3_BMX_Hybrid,Tier2_Saliency,0.5622,0.5622,0.0,0.75,0.9265,0.75,True,True,True,1,"In patent infringement litigation, the doctrine of equivalents permits a finding of infringement when an accused device performs substantially the same function in substantially the same way to achieve substantially the same result as the claimed invention. (Case Record BR-TRT-2023-0003).","Under patent jurisprudence, the doctrine of equivalents establishes infringement if the contested product executes substantially identical functions through substantially equivalent mechanisms to obtain substantially the same technical outcome. (Jurisprudential Appeal TRT-2023-0003).","Under patent jurisprudence, the doctrine of equivalents establishes infringement if the contested product executes substantially identical functions through substantially equivalent mechanisms to obtain substantially the same technical outcome. (Jurisprudential Appeal TRT-2023-0003).",0
LEGAL_003,legal,D3_BMX_Hybrid,Corpus_Adversarial,0.5622,0.5539,0.0083,0.75,0.9349,0.75,True,True,True,2,"In patent infringement litigation, the doctrine of equivalents permits a finding of infringement when an accused device performs substantially the same function in substantially the same way to achieve substantially the same result as the claimed invention. (Case Record BR-TRT-2023-0003).","Under patent jurisprudence, the doctrine of equivalents establishes infringement if the contested product executes substantially identical functions through substantially equivalent mechanisms to obtain substantially the same technical outcome. (Jurisprudential Appeal TRT-2023-0003).","In judicial appeal #0003, Under patent jurisprudence, the doctrine of equivalents establishes infringement if the contested product executes substantially identical functions through substantially equivalent mechanisms to obtain substantially the same technical outcome. (Jurisprudential Appeal TRT-2023-0003).",1
LEGAL_003,legal,D4_ColBERT_MultiVector,Tier1_Static,0.8026,0.7871,0.0155,0.75,0.9241,0.75,False,True,False,2,"In patent infringement litigation, the doctrine of equivalents permits a finding of infringement when an accused device performs substantially the same function in substantially the same way to achieve substantially the same result as the claimed invention. (Case Record BR-TRT-2023-0003).","Under patent jurisprudence, the doctrine of equivalents establishes infringement if the contested product executes substantially identical functions through substantially equivalent mechanisms to obtain substantially the same technical outcome. (Jurisprudential Appeal TRT-2023-0003).","Under patent jurisprudence, the doctrine of equivalents adjudicates infringement if the contested product executes substantially identical functions through substantially equivalent mechanisms to obtain substantially the same technical outcome. (Jurisprudential Appeal TRT-2023-0003).",1
LEGAL_003,legal,D4_ColBERT_MultiVector,Tier2_Saliency,0.8026,0.7734,0.0292,0.75,0.9283,0.75,False,True,False,50,"In patent infringement litigation, the doctrine of equivalents permits a finding of infringement when an accused device performs substantially the same function in substantially the same way to achieve substantially the same result as the claimed invention. (Case Record BR-TRT-2023-0003).","Under patent jurisprudence, the doctrine of equivalents establishes infringement if the contested product executes substantially identical functions through substantially equivalent mechanisms to obtain substantially the same technical outcome. (Jurisprudential Appeal TRT-2023-0003).","Under patent jurisprudence, the doctrine of equivalents decrees infringement if the contested product executes substantially identical functions through substantially equivalent mechanisms to obtain substantially the same technical outcome. (Jurisprudential Appeal TRT-2023-0003).",7
LEGAL_003,legal,D4_ColBERT_MultiVector,Corpus_Adversarial,0.8026,0.8002,0.0024,0.75,0.9349,0.75,False,True,False,2,"In patent infringement litigation, the doctrine of equivalents permits a finding of infringement when an accused device performs substantially the same function in substantially the same way to achieve substantially the same result as the claimed invention. (Case Record BR-TRT-2023-0003).","Under patent jurisprudence, the doctrine of equivalents establishes infringement if the contested product executes substantially identical functions through substantially equivalent mechanisms to obtain substantially the same technical outcome. (Jurisprudential Appeal TRT-2023-0003).","In judicial appeal #0003, Under patent jurisprudence, the doctrine of equivalents establishes infringement if the contested product executes substantially identical functions through substantially equivalent mechanisms to obtain substantially the same technical outcome. (Jurisprudential Appeal TRT-2023-0003).",1
LEGAL_003,legal,D5_Longformer,Tier1_Static,0.9097,0.8663,0.0434,0.75,0.9283,0.75,False,True,False,2,"In patent infringement litigation, the doctrine of equivalents permits a finding of infringement when an accused device performs substantially the same function in substantially the same way to achieve substantially the same result as the claimed invention. (Case Record BR-TRT-2023-0003).","Under patent jurisprudence, the doctrine of equivalents establishes infringement if the contested product executes substantially identical functions through substantially equivalent mechanisms to obtain substantially the same technical outcome. (Jurisprudential Appeal TRT-2023-0003).","Under patent jurisprudence, the doctrine of equivalents decrees infringement if the contested product executes substantially identical functions through substantially equivalent mechanisms to obtain substantially the same technical outcome. (Jurisprudential Appeal TRT-2023-0003).",1
LEGAL_003,legal,D5_Longformer,Tier2_Saliency,0.9097,0.8663,0.0434,0.75,0.9283,0.75,False,True,False,50,"In patent infringement litigation, the doctrine of equivalents permits a finding of infringement when an accused device performs substantially the same function in substantially the same way to achieve substantially the same result as the claimed invention. (Case Record BR-TRT-2023-0003).","Under patent jurisprudence, the doctrine of equivalents establishes infringement if the contested product executes substantially identical functions through substantially equivalent mechanisms to obtain substantially the same technical outcome. (Jurisprudential Appeal TRT-2023-0003).","Under patent jurisprudence, the doctrine of equivalents decrees infringement if the contested product executes substantially identical functions through substantially equivalent mechanisms to obtain substantially the same technical outcome. (Jurisprudential Appeal TRT-2023-0003).",7
LEGAL_003,legal,D5_Longformer,Corpus_Adversarial,0.9097,0.8889,0.0208,0.75,0.9349,0.75,False,True,False,2,"In patent infringement litigation, the doctrine of equivalents permits a finding of infringement when an accused device performs substantially the same function in substantially the same way to achieve substantially the same result as the claimed invention. (Case Record BR-TRT-2023-0003).","Under patent jurisprudence, the doctrine of equivalents establishes infringement if the contested product executes substantially identical functions through substantially equivalent mechanisms to obtain substantially the same technical outcome. (Jurisprudential Appeal TRT-2023-0003).","In judicial appeal #0003, Under patent jurisprudence, the doctrine of equivalents establishes infringement if the contested product executes substantially identical functions through substantially equivalent mechanisms to obtain substantially the same technical outcome. (Jurisprudential Appeal TRT-2023-0003).",1
LEGAL_004,legal,D1_SBERT,Tier1_Static,0.705,0.705,0.0,0.75,0.9317,0.75,True,True,True,1,"Corporate directors owe an unwavering duty of loyalty and care to the enterprise, requiring them to subordinate private pecuniary interests to the collective welfare of shareholders during corporate acquisitions and reorganizations. (Case Record BR-TRT-2024-0004).","Board members are bound by fiduciary obligations of care and loyalty, obliging them to prioritize shareholder interests over personal financial gain when negotiating corporate restructuring and asset acquisitions. (Jurisprudential Appeal TRT-2024-0004).","Board members are bound by fiduciary obligations of care and loyalty, obliging them to prioritize shareholder interests over personal financial gain when negotiating corporate restructuring and asset acquisitions. (Jurisprudential Appeal TRT-2024-0004).",0
LEGAL_004,legal,D1_SBERT,Tier2_Saliency,0.705,0.705,0.0,0.75,0.9317,0.75,True,True,True,1,"Corporate directors owe an unwavering duty of loyalty and care to the enterprise, requiring them to subordinate private pecuniary interests to the collective welfare of shareholders during corporate acquisitions and reorganizations. (Case Record BR-TRT-2024-0004).","Board members are bound by fiduciary obligations of care and loyalty, obliging them to prioritize shareholder interests over personal financial gain when negotiating corporate restructuring and asset acquisitions. (Jurisprudential Appeal TRT-2024-0004).","Board members are bound by fiduciary obligations of care and loyalty, obliging them to prioritize shareholder interests over personal financial gain when negotiating corporate restructuring and asset acquisitions. (Jurisprudential Appeal TRT-2024-0004).",0
LEGAL_004,legal,D1_SBERT,Corpus_Adversarial,0.705,0.6387,0.0662,0.75,0.9315,0.75,True,True,True,2,"Corporate directors owe an unwavering duty of loyalty and care to the enterprise, requiring them to subordinate private pecuniary interests to the collective welfare of shareholders during corporate acquisitions and reorganizations. (Case Record BR-TRT-2024-0004).","Board members are bound by fiduciary obligations of care and loyalty, obliging them to prioritize shareholder interests over personal financial gain when negotiating corporate restructuring and asset acquisitions. (Jurisprudential Appeal TRT-2024-0004).","In judicial appeal #0004, Board members are bound by fiduciary obligations of care and loyalty, obliging them to prioritize shareholder interests over personal financial gain when negotiating corporate restructuring and asset acquisitions. (Jurisprudential Appeal TRT-2024-0004).",1
LEGAL_004,legal,D2_SimCSE,Tier1_Static,0.852,0.852,0.0,0.75,0.9317,0.75,False,True,False,2,"Corporate directors owe an unwavering duty of loyalty and care to the enterprise, requiring them to subordinate private pecuniary interests to the collective welfare of shareholders during corporate acquisitions and reorganizations. (Case Record BR-TRT-2024-0004).","Board members are bound by fiduciary obligations of care and loyalty, obliging them to prioritize shareholder interests over personal financial gain when negotiating corporate restructuring and asset acquisitions. (Jurisprudential Appeal TRT-2024-0004).","Board members are bound by fiduciary obligations of care and loyalty, obliging them to prioritize shareholder interests over personal financial gain when negotiating corporate restructuring and asset acquisitions. (Jurisprudential Appeal TRT-2024-0004).",1
LEGAL_004,legal,D2_SimCSE,Tier2_Saliency,0.852,0.852,0.0,0.75,0.9317,0.75,False,True,False,50,"Corporate directors owe an unwavering duty of loyalty and care to the enterprise, requiring them to subordinate private pecuniary interests to the collective welfare of shareholders during corporate acquisitions and reorganizations. (Case Record BR-TRT-2024-0004).","Board members are bound by fiduciary obligations of care and loyalty, obliging them to prioritize shareholder interests over personal financial gain when negotiating corporate restructuring and asset acquisitions. (Jurisprudential Appeal TRT-2024-0004).","Board members are bound by fiduciary obligations of care and loyalty, obliging them to prioritize shareholder interests over personal financial gain when negotiating corporate restructuring and asset acquisitions. (Jurisprudential Appeal TRT-2024-0004).",7
LEGAL_004,legal,D2_SimCSE,Corpus_Adversarial,0.852,0.8152,0.0367,0.75,0.9315,0.75,False,True,False,2,"Corporate directors owe an unwavering duty of loyalty and care to the enterprise, requiring them to subordinate private pecuniary interests to the collective welfare of shareholders during corporate acquisitions and reorganizations. (Case Record BR-TRT-2024-0004).","Board members are bound by fiduciary obligations of care and loyalty, obliging them to prioritize shareholder interests over personal financial gain when negotiating corporate restructuring and asset acquisitions. (Jurisprudential Appeal TRT-2024-0004).","In judicial appeal #0004, Board members are bound by fiduciary obligations of care and loyalty, obliging them to prioritize shareholder interests over personal financial gain when negotiating corporate restructuring and asset acquisitions. (Jurisprudential Appeal TRT-2024-0004).",1
LEGAL_004,legal,D3_BMX_Hybrid,Tier1_Static,0.4492,0.4492,0.0,0.75,0.9317,0.75,True,True,True,1,"Corporate directors owe an unwavering duty of loyalty and care to the enterprise, requiring them to subordinate private pecuniary interests to the collective welfare of shareholders during corporate acquisitions and reorganizations. (Case Record BR-TRT-2024-0004).","Board members are bound by fiduciary obligations of care and loyalty, obliging them to prioritize shareholder interests over personal financial gain when negotiating corporate restructuring and asset acquisitions. (Jurisprudential Appeal TRT-2024-0004).","Board members are bound by fiduciary obligations of care and loyalty, obliging them to prioritize shareholder interests over personal financial gain when negotiating corporate restructuring and asset acquisitions. (Jurisprudential Appeal TRT-2024-0004).",0
LEGAL_004,legal,D3_BMX_Hybrid,Tier2_Saliency,0.4492,0.4492,0.0,0.75,0.9317,0.75,True,True,True,1,"Corporate directors owe an unwavering duty of loyalty and care to the enterprise, requiring them to subordinate private pecuniary interests to the collective welfare of shareholders during corporate acquisitions and reorganizations. (Case Record BR-TRT-2024-0004).","Board members are bound by fiduciary obligations of care and loyalty, obliging them to prioritize shareholder interests over personal financial gain when negotiating corporate restructuring and asset acquisitions. (Jurisprudential Appeal TRT-2024-0004).","Board members are bound by fiduciary obligations of care and loyalty, obliging them to prioritize shareholder interests over personal financial gain when negotiating corporate restructuring and asset acquisitions. (Jurisprudential Appeal TRT-2024-0004).",0
LEGAL_004,legal,D3_BMX_Hybrid,Corpus_Adversarial,0.4492,0.4098,0.0395,0.75,0.9315,0.75,True,True,True,2,"Corporate directors owe an unwavering duty of loyalty and care to the enterprise, requiring them to subordinate private pecuniary interests to the collective welfare of shareholders during corporate acquisitions and reorganizations. (Case Record BR-TRT-2024-0004).","Board members are bound by fiduciary obligations of care and loyalty, obliging them to prioritize shareholder interests over personal financial gain when negotiating corporate restructuring and asset acquisitions. (Jurisprudential Appeal TRT-2024-0004).","In judicial appeal #0004, Board members are bound by fiduciary obligations of care and loyalty, obliging them to prioritize shareholder interests over personal financial gain when negotiating corporate restructuring and asset acquisitions. (Jurisprudential Appeal TRT-2024-0004).",1
LEGAL_004,legal,D4_ColBERT_MultiVector,Tier1_Static,0.6539,0.6539,0.0,0.75,0.9317,0.75,True,True,True,1,"Corporate directors owe an unwavering duty of loyalty and care to the enterprise, requiring them to subordinate private pecuniary interests to the collective welfare of shareholders during corporate acquisitions and reorganizations. (Case Record BR-TRT-2024-0004).","Board members are bound by fiduciary obligations of care and loyalty, obliging them to prioritize shareholder interests over personal financial gain when negotiating corporate restructuring and asset acquisitions. (Jurisprudential Appeal TRT-2024-0004).","Board members are bound by fiduciary obligations of care and loyalty, obliging them to prioritize shareholder interests over personal financial gain when negotiating corporate restructuring and asset acquisitions. (Jurisprudential Appeal TRT-2024-0004).",0
LEGAL_004,legal,D4_ColBERT_MultiVector,Tier2_Saliency,0.6539,0.6539,0.0,0.75,0.9317,0.75,True,True,True,1,"Corporate directors owe an unwavering duty of loyalty and care to the enterprise, requiring them to subordinate private pecuniary interests to the collective welfare of shareholders during corporate acquisitions and reorganizations. (Case Record BR-TRT-2024-0004).","Board members are bound by fiduciary obligations of care and loyalty, obliging them to prioritize shareholder interests over personal financial gain when negotiating corporate restructuring and asset acquisitions. (Jurisprudential Appeal TRT-2024-0004).","Board members are bound by fiduciary obligations of care and loyalty, obliging them to prioritize shareholder interests over personal financial gain when negotiating corporate restructuring and asset acquisitions. (Jurisprudential Appeal TRT-2024-0004).",0
LEGAL_004,legal,D4_ColBERT_MultiVector,Corpus_Adversarial,0.6539,0.6468,0.0071,0.75,0.9315,0.75,True,True,True,2,"Corporate directors owe an unwavering duty of loyalty and care to the enterprise, requiring them to subordinate private pecuniary interests to the collective welfare of shareholders during corporate acquisitions and reorganizations. (Case Record BR-TRT-2024-0004).","Board members are bound by fiduciary obligations of care and loyalty, obliging them to prioritize shareholder interests over personal financial gain when negotiating corporate restructuring and asset acquisitions. (Jurisprudential Appeal TRT-2024-0004).","In judicial appeal #0004, Board members are bound by fiduciary obligations of care and loyalty, obliging them to prioritize shareholder interests over personal financial gain when negotiating corporate restructuring and asset acquisitions. (Jurisprudential Appeal TRT-2024-0004).",1
LEGAL_004,legal,D5_Longformer,Tier1_Static,0.705,0.705,0.0,0.75,0.9317,0.75,True,True,True,1,"Corporate directors owe an unwavering duty of loyalty and care to the enterprise, requiring them to subordinate private pecuniary interests to the collective welfare of shareholders during corporate acquisitions and reorganizations. (Case Record BR-TRT-2024-0004).","Board members are bound by fiduciary obligations of care and loyalty, obliging them to prioritize shareholder interests over personal financial gain when negotiating corporate restructuring and asset acquisitions. (Jurisprudential Appeal TRT-2024-0004).","Board members are bound by fiduciary obligations of care and loyalty, obliging them to prioritize shareholder interests over personal financial gain when negotiating corporate restructuring and asset acquisitions. (Jurisprudential Appeal TRT-2024-0004).",0
LEGAL_004,legal,D5_Longformer,Tier2_Saliency,0.705,0.705,0.0,0.75,0.9317,0.75,True,True,True,1,"Corporate directors owe an unwavering duty of loyalty and care to the enterprise, requiring them to subordinate private pecuniary interests to the collective welfare of shareholders during corporate acquisitions and reorganizations. (Case Record BR-TRT-2024-0004).","Board members are bound by fiduciary obligations of care and loyalty, obliging them to prioritize shareholder interests over personal financial gain when negotiating corporate restructuring and asset acquisitions. (Jurisprudential Appeal TRT-2024-0004).","Board members are bound by fiduciary obligations of care and loyalty, obliging them to prioritize shareholder interests over personal financial gain when negotiating corporate restructuring and asset acquisitions. (Jurisprudential Appeal TRT-2024-0004).",0
LEGAL_004,legal,D5_Longformer,Corpus_Adversarial,0.705,0.6387,0.0662,0.75,0.9315,0.75,True,True,True,2,"Corporate directors owe an unwavering duty of loyalty and care to the enterprise, requiring them to subordinate private pecuniary interests to the collective welfare of shareholders during corporate acquisitions and reorganizations. (Case Record BR-TRT-2024-0004).","Board members are bound by fiduciary obligations of care and loyalty, obliging them to prioritize shareholder interests over personal financial gain when negotiating corporate restructuring and asset acquisitions. (Jurisprudential Appeal TRT-2024-0004).","In judicial appeal #0004, Board members are bound by fiduciary obligations of care and loyalty, obliging them to prioritize shareholder interests over personal financial gain when negotiating corporate restructuring and asset acquisitions. (Jurisprudential Appeal TRT-2024-0004).",1
SCI_001,scidocs,D1_SBERT,Tier1_Static,0.8536,0.8602,-0.0067,0.75,0.7449,0.75,False,False,False,2,"CRISPR-Cas9 endonuclease complexes achieve targeted genomic editing by recognizing specific protospacer adjacent motifs (PAM) and inducing double-strand DNA breaks. Cellular repair pathways, specifically NHEJ and HDR, facilitate targeted nucleotide insertions or gene disruption. Experimental findings in Paper SciDoc-001.",The CRISPR-Cas9 ribonucleoprotein system executes site-specific genetic modification by identifying protospacer adjacent motif (PAM) sequences and introducing double-stranded DNA cleavage. Endogenous repair mechanisms (NHEJ and HDR) mediate targeted gene disruption. Corroborated by spectroscopic analysis in SciDoc-001.,The CRISPR-Cas9 ribonucleoprotein system executes site-specific genetic modification by detecting protospacer adjacent motif (PAM) sequences and introducing double-stranded DNA breaks. Endogenous repair mechanisms (NHEJ and HDR) mediate targeted gene disruption. Corroborated by spectroscopic analysis in SciDoc-001.,1
SCI_001,scidocs,D1_SBERT,Tier2_Saliency,0.8536,0.8503,0.0033,0.75,0.7366,0.75,False,False,False,50,"CRISPR-Cas9 endonuclease complexes achieve targeted genomic editing by recognizing specific protospacer adjacent motifs (PAM) and inducing double-strand DNA breaks. Cellular repair pathways, specifically NHEJ and HDR, facilitate targeted nucleotide insertions or gene disruption. Experimental findings in Paper SciDoc-001.",The CRISPR-Cas9 ribonucleoprotein system executes site-specific genetic modification by identifying protospacer adjacent motif (PAM) sequences and introducing double-stranded DNA cleavage. Endogenous repair mechanisms (NHEJ and HDR) mediate targeted gene disruption. Corroborated by spectroscopic analysis in SciDoc-001.,The CRISPR-Cas9 ribonucleoprotein system executes site-specific genetic modification by recognizing protospacer adjacent motif (PAM) sequences and introducing double-stranded DNA fragmentation. Endogenous repair mechanisms (NHEJ and HDR) mediate targeted gene disruption. Corroborated by spectroscopic analysis in SciDoc-001.,12
SCI_001,scidocs,D1_SBERT,Corpus_Adversarial,0.8536,0.841,0.0126,0.75,0.7415,0.75,False,False,False,2,"CRISPR-Cas9 endonuclease complexes achieve targeted genomic editing by recognizing specific protospacer adjacent motifs (PAM) and inducing double-strand DNA breaks. Cellular repair pathways, specifically NHEJ and HDR, facilitate targeted nucleotide insertions or gene disruption. Experimental findings in Paper SciDoc-001.",The CRISPR-Cas9 ribonucleoprotein system executes site-specific genetic modification by identifying protospacer adjacent motif (PAM) sequences and introducing double-stranded DNA cleavage. Endogenous repair mechanisms (NHEJ and HDR) mediate targeted gene disruption. Corroborated by spectroscopic analysis in SciDoc-001.,"According to scientific report #001, The CRISPR-Cas9 ribonucleoprotein system executes site-specific genetic modification by identifying protospacer adjacent motif (PAM) sequences and introducing double-stranded DNA cleavage. Endogenous repair mechanisms (NHEJ and HDR) mediate targeted gene disruption. Corroborated by spectroscopic analysis in SciDoc-001.",1
SCI_001,scidocs,D2_SimCSE,Tier1_Static,0.9481,0.9453,0.0027,0.75,0.7449,0.75,False,False,False,2,"CRISPR-Cas9 endonuclease complexes achieve targeted genomic editing by recognizing specific protospacer adjacent motifs (PAM) and inducing double-strand DNA breaks. Cellular repair pathways, specifically NHEJ and HDR, facilitate targeted nucleotide insertions or gene disruption. Experimental findings in Paper SciDoc-001.",The CRISPR-Cas9 ribonucleoprotein system executes site-specific genetic modification by identifying protospacer adjacent motif (PAM) sequences and introducing double-stranded DNA cleavage. Endogenous repair mechanisms (NHEJ and HDR) mediate targeted gene disruption. Corroborated by spectroscopic analysis in SciDoc-001.,The CRISPR-Cas9 ribonucleoprotein system executes site-specific genetic modification by detecting protospacer adjacent motif (PAM) sequences and introducing double-stranded DNA breaks. Endogenous repair mechanisms (NHEJ and HDR) mediate targeted gene disruption. Corroborated by spectroscopic analysis in SciDoc-001.,1
SCI_001,scidocs,D2_SimCSE,Tier2_Saliency,0.9481,0.9455,0.0026,0.75,0.7452,0.75,False,False,False,50,"CRISPR-Cas9 endonuclease complexes achieve targeted genomic editing by recognizing specific protospacer adjacent motifs (PAM) and inducing double-strand DNA breaks. Cellular repair pathways, specifically NHEJ and HDR, facilitate targeted nucleotide insertions or gene disruption. Experimental findings in Paper SciDoc-001.",The CRISPR-Cas9 ribonucleoprotein system executes site-specific genetic modification by identifying protospacer adjacent motif (PAM) sequences and introducing double-stranded DNA cleavage. Endogenous repair mechanisms (NHEJ and HDR) mediate targeted gene disruption. Corroborated by spectroscopic analysis in SciDoc-001.,The CRISPR-Cas9 ribonucleoprotein system executes site-specific genetic modification by detecting protospacer adjacent motif (PAM) sequences and introducing double-stranded DNA nicking. Endogenous repair mechanisms (NHEJ and HDR) mediate targeted gene disruption. Corroborated by spectroscopic analysis in SciDoc-001.,12
SCI_001,scidocs,D2_SimCSE,Corpus_Adversarial,0.9481,0.9475,0.0006,0.75,0.7415,0.75,False,False,False,2,"CRISPR-Cas9 endonuclease complexes achieve targeted genomic editing by recognizing specific protospacer adjacent motifs (PAM) and inducing double-strand DNA breaks. Cellular repair pathways, specifically NHEJ and HDR, facilitate targeted nucleotide insertions or gene disruption. Experimental findings in Paper SciDoc-001.",The CRISPR-Cas9 ribonucleoprotein system executes site-specific genetic modification by identifying protospacer adjacent motif (PAM) sequences and introducing double-stranded DNA cleavage. Endogenous repair mechanisms (NHEJ and HDR) mediate targeted gene disruption. Corroborated by spectroscopic analysis in SciDoc-001.,"According to scientific report #001, The CRISPR-Cas9 ribonucleoprotein system executes site-specific genetic modification by identifying protospacer adjacent motif (PAM) sequences and introducing double-stranded DNA cleavage. Endogenous repair mechanisms (NHEJ and HDR) mediate targeted gene disruption. Corroborated by spectroscopic analysis in SciDoc-001.",1
SCI_001,scidocs,D3_BMX_Hybrid,Tier1_Static,0.5706,0.5706,0.0,0.75,0.743,0.75,True,False,False,1,"CRISPR-Cas9 endonuclease complexes achieve targeted genomic editing by recognizing specific protospacer adjacent motifs (PAM) and inducing double-strand DNA breaks. Cellular repair pathways, specifically NHEJ and HDR, facilitate targeted nucleotide insertions or gene disruption. Experimental findings in Paper SciDoc-001.",The CRISPR-Cas9 ribonucleoprotein system executes site-specific genetic modification by identifying protospacer adjacent motif (PAM) sequences and introducing double-stranded DNA cleavage. Endogenous repair mechanisms (NHEJ and HDR) mediate targeted gene disruption. Corroborated by spectroscopic analysis in SciDoc-001.,The CRISPR-Cas9 ribonucleoprotein system executes site-specific genetic modification by identifying protospacer adjacent motif (PAM) sequences and introducing double-stranded DNA cleavage. Endogenous repair mechanisms (NHEJ and HDR) mediate targeted gene disruption. Corroborated by spectroscopic analysis in SciDoc-001.,0
SCI_001,scidocs,D3_BMX_Hybrid,Tier2_Saliency,0.5706,0.5706,0.0,0.75,0.743,0.75,True,False,False,1,"CRISPR-Cas9 endonuclease complexes achieve targeted genomic editing by recognizing specific protospacer adjacent motifs (PAM) and inducing double-strand DNA breaks. Cellular repair pathways, specifically NHEJ and HDR, facilitate targeted nucleotide insertions or gene disruption. Experimental findings in Paper SciDoc-001.",The CRISPR-Cas9 ribonucleoprotein system executes site-specific genetic modification by identifying protospacer adjacent motif (PAM) sequences and introducing double-stranded DNA cleavage. Endogenous repair mechanisms (NHEJ and HDR) mediate targeted gene disruption. Corroborated by spectroscopic analysis in SciDoc-001.,The CRISPR-Cas9 ribonucleoprotein system executes site-specific genetic modification by identifying protospacer adjacent motif (PAM) sequences and introducing double-stranded DNA cleavage. Endogenous repair mechanisms (NHEJ and HDR) mediate targeted gene disruption. Corroborated by spectroscopic analysis in SciDoc-001.,0
SCI_001,scidocs,D3_BMX_Hybrid,Corpus_Adversarial,0.5706,0.5529,0.0176,0.75,0.7415,0.75,True,False,False,2,"CRISPR-Cas9 endonuclease complexes achieve targeted genomic editing by recognizing specific protospacer adjacent motifs (PAM) and inducing double-strand DNA breaks. Cellular repair pathways, specifically NHEJ and HDR, facilitate targeted nucleotide insertions or gene disruption. Experimental findings in Paper SciDoc-001.",The CRISPR-Cas9 ribonucleoprotein system executes site-specific genetic modification by identifying protospacer adjacent motif (PAM) sequences and introducing double-stranded DNA cleavage. Endogenous repair mechanisms (NHEJ and HDR) mediate targeted gene disruption. Corroborated by spectroscopic analysis in SciDoc-001.,"According to scientific report #001, The CRISPR-Cas9 ribonucleoprotein system executes site-specific genetic modification by identifying protospacer adjacent motif (PAM) sequences and introducing double-stranded DNA cleavage. Endogenous repair mechanisms (NHEJ and HDR) mediate targeted gene disruption. Corroborated by spectroscopic analysis in SciDoc-001.",1
SCI_001,scidocs,D4_ColBERT_MultiVector,Tier1_Static,0.7949,0.7964,-0.0015,0.75,0.7366,0.75,False,False,False,2,"CRISPR-Cas9 endonuclease complexes achieve targeted genomic editing by recognizing specific protospacer adjacent motifs (PAM) and inducing double-strand DNA breaks. Cellular repair pathways, specifically NHEJ and HDR, facilitate targeted nucleotide insertions or gene disruption. Experimental findings in Paper SciDoc-001.",The CRISPR-Cas9 ribonucleoprotein system executes site-specific genetic modification by identifying protospacer adjacent motif (PAM) sequences and introducing double-stranded DNA cleavage. Endogenous repair mechanisms (NHEJ and HDR) mediate targeted gene disruption. Corroborated by spectroscopic analysis in SciDoc-001.,The CRISPR-Cas9 ribonucleoprotein system executes site-specific genetic modification by recognizing protospacer adjacent motif (PAM) sequences and introducing double-stranded DNA fragmentation. Endogenous repair mechanisms (NHEJ and HDR) mediate targeted gene disruption. Corroborated by spectroscopic analysis in SciDoc-001.,1
SCI_001,scidocs,D4_ColBERT_MultiVector,Tier2_Saliency,0.7949,0.7856,0.0093,0.75,0.7439,0.75,False,False,False,50,"CRISPR-Cas9 endonuclease complexes achieve targeted genomic editing by recognizing specific protospacer adjacent motifs (PAM) and inducing double-strand DNA breaks. Cellular repair pathways, specifically NHEJ and HDR, facilitate targeted nucleotide insertions or gene disruption. Experimental findings in Paper SciDoc-001.",The CRISPR-Cas9 ribonucleoprotein system executes site-specific genetic modification by identifying protospacer adjacent motif (PAM) sequences and introducing double-stranded DNA cleavage. Endogenous repair mechanisms (NHEJ and HDR) mediate targeted gene disruption. Corroborated by spectroscopic analysis in SciDoc-001.,The CRISPR-Cas9 ribonucleoprotein system executes site-specific genetic modification by pinpointing protospacer adjacent motif (PAM) sequences and introducing double-stranded DNA nicking. Endogenous repair mechanisms (NHEJ and HDR) mediate targeted gene disruption. Corroborated by spectroscopic analysis in SciDoc-001.,12
SCI_001,scidocs,D4_ColBERT_MultiVector,Corpus_Adversarial,0.7949,0.7901,0.0047,0.75,0.7415,0.75,False,False,False,2,"CRISPR-Cas9 endonuclease complexes achieve targeted genomic editing by recognizing specific protospacer adjacent motifs (PAM) and inducing double-strand DNA breaks. Cellular repair pathways, specifically NHEJ and HDR, facilitate targeted nucleotide insertions or gene disruption. Experimental findings in Paper SciDoc-001.",The CRISPR-Cas9 ribonucleoprotein system executes site-specific genetic modification by identifying protospacer adjacent motif (PAM) sequences and introducing double-stranded DNA cleavage. Endogenous repair mechanisms (NHEJ and HDR) mediate targeted gene disruption. Corroborated by spectroscopic analysis in SciDoc-001.,"According to scientific report #001, The CRISPR-Cas9 ribonucleoprotein system executes site-specific genetic modification by identifying protospacer adjacent motif (PAM) sequences and introducing double-stranded DNA cleavage. Endogenous repair mechanisms (NHEJ and HDR) mediate targeted gene disruption. Corroborated by spectroscopic analysis in SciDoc-001.",1
SCI_001,scidocs,D5_Longformer,Tier1_Static,0.8536,0.8497,0.0039,0.75,0.7439,0.75,False,False,False,2,"CRISPR-Cas9 endonuclease complexes achieve targeted genomic editing by recognizing specific protospacer adjacent motifs (PAM) and inducing double-strand DNA breaks. Cellular repair pathways, specifically NHEJ and HDR, facilitate targeted nucleotide insertions or gene disruption. Experimental findings in Paper SciDoc-001.",The CRISPR-Cas9 ribonucleoprotein system executes site-specific genetic modification by identifying protospacer adjacent motif (PAM) sequences and introducing double-stranded DNA cleavage. Endogenous repair mechanisms (NHEJ and HDR) mediate targeted gene disruption. Corroborated by spectroscopic analysis in SciDoc-001.,The CRISPR-Cas9 ribonucleoprotein system executes site-specific genetic modification by pinpointing protospacer adjacent motif (PAM) sequences and introducing double-stranded DNA nicking. Endogenous repair mechanisms (NHEJ and HDR) mediate targeted gene disruption. Corroborated by spectroscopic analysis in SciDoc-001.,1
SCI_001,scidocs,D5_Longformer,Tier2_Saliency,0.8536,0.8481,0.0054,0.75,0.7447,0.75,False,False,False,50,"CRISPR-Cas9 endonuclease complexes achieve targeted genomic editing by recognizing specific protospacer adjacent motifs (PAM) and inducing double-strand DNA breaks. Cellular repair pathways, specifically NHEJ and HDR, facilitate targeted nucleotide insertions or gene disruption. Experimental findings in Paper SciDoc-001.",The CRISPR-Cas9 ribonucleoprotein system executes site-specific genetic modification by identifying protospacer adjacent motif (PAM) sequences and introducing double-stranded DNA cleavage. Endogenous repair mechanisms (NHEJ and HDR) mediate targeted gene disruption. Corroborated by spectroscopic analysis in SciDoc-001.,The CRISPR-Cas9 ribonucleoprotein system executes site-specific genetic modification by detecting protospacer adjacent motif (PAM) sequences and introducing double-stranded DNA fragmentation. Endogenous repair mechanisms (NHEJ and HDR) mediate targeted gene disruption. Corroborated by spectroscopic analysis in SciDoc-001.,12
SCI_001,scidocs,D5_Longformer,Corpus_Adversarial,0.8536,0.841,0.0126,0.75,0.7415,0.75,False,False,False,2,"CRISPR-Cas9 endonuclease complexes achieve targeted genomic editing by recognizing specific protospacer adjacent motifs (PAM) and inducing double-strand DNA breaks. Cellular repair pathways, specifically NHEJ and HDR, facilitate targeted nucleotide insertions or gene disruption. Experimental findings in Paper SciDoc-001.",The CRISPR-Cas9 ribonucleoprotein system executes site-specific genetic modification by identifying protospacer adjacent motif (PAM) sequences and introducing double-stranded DNA cleavage. Endogenous repair mechanisms (NHEJ and HDR) mediate targeted gene disruption. Corroborated by spectroscopic analysis in SciDoc-001.,"According to scientific report #001, The CRISPR-Cas9 ribonucleoprotein system executes site-specific genetic modification by identifying protospacer adjacent motif (PAM) sequences and introducing double-stranded DNA cleavage. Endogenous repair mechanisms (NHEJ and HDR) mediate targeted gene disruption. Corroborated by spectroscopic analysis in SciDoc-001.",1
SCI_002,scidocs,D1_SBERT,Tier1_Static,0.7858,0.8107,-0.0249,0.75,0.7396,0.75,False,False,False,2,"Topological quantum computation exploits non-Abelian anyons in two-dimensional electron gases to perform fault-tolerant quantum gate operations. By braiding world-lines of quasi-particles in spacetime, quantum information is encoded non-locally, conferring intrinsic immunity against local environmental decoherence. Experimental findings in Paper SciDoc-002.","Topological quantum computers utilize non-Abelian anyonic excitations in 2D electron systems to execute error-resilient quantum logic gates. Spatiotemporal braiding of quasi-particle trajectories encodes quantum states in a non-local topological topology, providing inherent protection against environmental decoherence. Corroborated by spectroscopic analysis in SciDoc-002.","Topological quantum computers utilize non-Abelian anyonic quantum states in 2D electron systems to execute fault-tolerant quantum logic gates. Spatiotemporal braiding of quasi-particle trajectories encodes quantum states in a non-local topological topology, providing inherent protection against environmental decoherence. Corroborated by spectroscopic analysis in SciDoc-002.",1
SCI_002,scidocs,D1_SBERT,Tier2_Saliency,0.7858,0.7858,0.0,0.75,0.7457,0.75,False,False,False,50,"Topological quantum computation exploits non-Abelian anyons in two-dimensional electron gases to perform fault-tolerant quantum gate operations. By braiding world-lines of quasi-particles in spacetime, quantum information is encoded non-locally, conferring intrinsic immunity against local environmental decoherence. Experimental findings in Paper SciDoc-002.","Topological quantum computers utilize non-Abelian anyonic excitations in 2D electron systems to execute error-resilient quantum logic gates. Spatiotemporal braiding of quasi-particle trajectories encodes quantum states in a non-local topological topology, providing inherent protection against environmental decoherence. Corroborated by spectroscopic analysis in SciDoc-002.","Topological quantum computers utilize non-Abelian anyonic excitations in 2D electron systems to execute error-resilient quantum logic gates. Spatiotemporal braiding of quasi-particle trajectories encodes quantum states in a non-local topological topology, providing inherent protection against environmental decoherence. Corroborated by spectroscopic analysis in SciDoc-002.",9
SCI_002,scidocs,D1_SBERT,Corpus_Adversarial,0.7858,0.7732,0.0127,0.75,0.7521,0.75,False,True,False,2,"Topological quantum computation exploits non-Abelian anyons in two-dimensional electron gases to perform fault-tolerant quantum gate operations. By braiding world-lines of quasi-particles in spacetime, quantum information is encoded non-locally, conferring intrinsic immunity against local environmental decoherence. Experimental findings in Paper SciDoc-002.","Topological quantum computers utilize non-Abelian anyonic excitations in 2D electron systems to execute error-resilient quantum logic gates. Spatiotemporal braiding of quasi-particle trajectories encodes quantum states in a non-local topological topology, providing inherent protection against environmental decoherence. Corroborated by spectroscopic analysis in SciDoc-002.","According to scientific report #002, Topological quantum computers utilize non-Abelian anyonic excitations in 2D electron systems to execute error-resilient quantum logic gates. Spatiotemporal braiding of quasi-particle trajectories encodes quantum states in a non-local topological topology, providing inherent protection against environmental decoherence. Corroborated by spectroscopic analysis in SciDoc-002.",1
SCI_002,scidocs,D2_SimCSE,Tier1_Static,0.9562,0.9532,0.003,0.75,0.7392,0.75,False,False,False,2,"Topological quantum computation exploits non-Abelian anyons in two-dimensional electron gases to perform fault-tolerant quantum gate operations. By braiding world-lines of quasi-particles in spacetime, quantum information is encoded non-locally, conferring intrinsic immunity against local environmental decoherence. Experimental findings in Paper SciDoc-002.","Topological quantum computers utilize non-Abelian anyonic excitations in 2D electron systems to execute error-resilient quantum logic gates. Spatiotemporal braiding of quasi-particle trajectories encodes quantum states in a non-local topological topology, providing inherent protection against environmental decoherence. Corroborated by spectroscopic analysis in SciDoc-002.","Topological quantum computers utilize non-Abelian anyonic quasi-particle modes in 2D electron systems to execute noise-immune quantum logic gates. Spatiotemporal braiding of quasi-particle trajectories encodes quantum states in a non-local topological topology, providing inherent protection against environmental decoherence. Corroborated by spectroscopic analysis in SciDoc-002.",1
SCI_002,scidocs,D2_SimCSE,Tier2_Saliency,0.9562,0.9532,0.003,0.75,0.7392,0.75,False,False,False,50,"Topological quantum computation exploits non-Abelian anyons in two-dimensional electron gases to perform fault-tolerant quantum gate operations. By braiding world-lines of quasi-particles in spacetime, quantum information is encoded non-locally, conferring intrinsic immunity against local environmental decoherence. Experimental findings in Paper SciDoc-002.","Topological quantum computers utilize non-Abelian anyonic excitations in 2D electron systems to execute error-resilient quantum logic gates. Spatiotemporal braiding of quasi-particle trajectories encodes quantum states in a non-local topological topology, providing inherent protection against environmental decoherence. Corroborated by spectroscopic analysis in SciDoc-002.","Topological quantum computers utilize non-Abelian anyonic quasi-particle modes in 2D electron systems to execute noise-immune quantum logic gates. Spatiotemporal braiding of quasi-particle trajectories encodes quantum states in a non-local topological topology, providing inherent protection against environmental decoherence. Corroborated by spectroscopic analysis in SciDoc-002.",9
SCI_002,scidocs,D2_SimCSE,Corpus_Adversarial,0.9562,0.9487,0.0075,0.75,0.7521,0.75,False,True,False,2,"Topological quantum computation exploits non-Abelian anyons in two-dimensional electron gases to perform fault-tolerant quantum gate operations. By braiding world-lines of quasi-particles in spacetime, quantum information is encoded non-locally, conferring intrinsic immunity against local environmental decoherence. Experimental findings in Paper SciDoc-002.","Topological quantum computers utilize non-Abelian anyonic excitations in 2D electron systems to execute error-resilient quantum logic gates. Spatiotemporal braiding of quasi-particle trajectories encodes quantum states in a non-local topological topology, providing inherent protection against environmental decoherence. Corroborated by spectroscopic analysis in SciDoc-002.","According to scientific report #002, Topological quantum computers utilize non-Abelian anyonic excitations in 2D electron systems to execute error-resilient quantum logic gates. Spatiotemporal braiding of quasi-particle trajectories encodes quantum states in a non-local topological topology, providing inherent protection against environmental decoherence. Corroborated by spectroscopic analysis in SciDoc-002.",1
SCI_002,scidocs,D3_BMX_Hybrid,Tier1_Static,0.5191,0.5191,0.0,0.75,0.7457,0.75,True,False,False,1,"Topological quantum computation exploits non-Abelian anyons in two-dimensional electron gases to perform fault-tolerant quantum gate operations. By braiding world-lines of quasi-particles in spacetime, quantum information is encoded non-locally, conferring intrinsic immunity against local environmental decoherence. Experimental findings in Paper SciDoc-002.","Topological quantum computers utilize non-Abelian anyonic excitations in 2D electron systems to execute error-resilient quantum logic gates. Spatiotemporal braiding of quasi-particle trajectories encodes quantum states in a non-local topological topology, providing inherent protection against environmental decoherence. Corroborated by spectroscopic analysis in SciDoc-002.","Topological quantum computers utilize non-Abelian anyonic excitations in 2D electron systems to execute error-resilient quantum logic gates. Spatiotemporal braiding of quasi-particle trajectories encodes quantum states in a non-local topological topology, providing inherent protection against environmental decoherence. Corroborated by spectroscopic analysis in SciDoc-002.",0
SCI_002,scidocs,D3_BMX_Hybrid,Tier2_Saliency,0.5191,0.5191,0.0,0.75,0.7457,0.75,True,False,False,1,"Topological quantum computation exploits non-Abelian anyons in two-dimensional electron gases to perform fault-tolerant quantum gate operations. By braiding world-lines of quasi-particles in spacetime, quantum information is encoded non-locally, conferring intrinsic immunity against local environmental decoherence. Experimental findings in Paper SciDoc-002.","Topological quantum computers utilize non-Abelian anyonic excitations in 2D electron systems to execute error-resilient quantum logic gates. Spatiotemporal braiding of quasi-particle trajectories encodes quantum states in a non-local topological topology, providing inherent protection against environmental decoherence. Corroborated by spectroscopic analysis in SciDoc-002.","Topological quantum computers utilize non-Abelian anyonic excitations in 2D electron systems to execute error-resilient quantum logic gates. Spatiotemporal braiding of quasi-particle trajectories encodes quantum states in a non-local topological topology, providing inherent protection against environmental decoherence. Corroborated by spectroscopic analysis in SciDoc-002.",0
SCI_002,scidocs,D3_BMX_Hybrid,Corpus_Adversarial,0.5191,0.5041,0.015,0.75,0.7521,0.75,True,True,True,2,"Topological quantum computation exploits non-Abelian anyons in two-dimensional electron gases to perform fault-tolerant quantum gate operations. By braiding world-lines of quasi-particles in spacetime, quantum information is encoded non-locally, conferring intrinsic immunity against local environmental decoherence. Experimental findings in Paper SciDoc-002.","Topological quantum computers utilize non-Abelian anyonic excitations in 2D electron systems to execute error-resilient quantum logic gates. Spatiotemporal braiding of quasi-particle trajectories encodes quantum states in a non-local topological topology, providing inherent protection against environmental decoherence. Corroborated by spectroscopic analysis in SciDoc-002.","According to scientific report #002, Topological quantum computers utilize non-Abelian anyonic excitations in 2D electron systems to execute error-resilient quantum logic gates. Spatiotemporal braiding of quasi-particle trajectories encodes quantum states in a non-local topological topology, providing inherent protection against environmental decoherence. Corroborated by spectroscopic analysis in SciDoc-002.",1
SCI_002,scidocs,D4_ColBERT_MultiVector,Tier1_Static,0.7401,0.7401,0.0,0.75,0.7457,0.75,True,False,False,1,"Topological quantum computation exploits non-Abelian anyons in two-dimensional electron gases to perform fault-tolerant quantum gate operations. By braiding world-lines of quasi-particles in spacetime, quantum information is encoded non-locally, conferring intrinsic immunity against local environmental decoherence. Experimental findings in Paper SciDoc-002.","Topological quantum computers utilize non-Abelian anyonic excitations in 2D electron systems to execute error-resilient quantum logic gates. Spatiotemporal braiding of quasi-particle trajectories encodes quantum states in a non-local topological topology, providing inherent protection against environmental decoherence. Corroborated by spectroscopic analysis in SciDoc-002.","Topological quantum computers utilize non-Abelian anyonic excitations in 2D electron systems to execute error-resilient quantum logic gates. Spatiotemporal braiding of quasi-particle trajectories encodes quantum states in a non-local topological topology, providing inherent protection against environmental decoherence. Corroborated by spectroscopic analysis in SciDoc-002.",0
SCI_002,scidocs,D4_ColBERT_MultiVector,Tier2_Saliency,0.7401,0.7401,0.0,0.75,0.7457,0.75,True,False,False,1,"Topological quantum computation exploits non-Abelian anyons in two-dimensional electron gases to perform fault-tolerant quantum gate operations. By braiding world-lines of quasi-particles in spacetime, quantum information is encoded non-locally, conferring intrinsic immunity against local environmental decoherence. Experimental findings in Paper SciDoc-002.","Topological quantum computers utilize non-Abelian anyonic excitations in 2D electron systems to execute error-resilient quantum logic gates. Spatiotemporal braiding of quasi-particle trajectories encodes quantum states in a non-local topological topology, providing inherent protection against environmental decoherence. Corroborated by spectroscopic analysis in SciDoc-002.","Topological quantum computers utilize non-Abelian anyonic excitations in 2D electron systems to execute error-resilient quantum logic gates. Spatiotemporal braiding of quasi-particle trajectories encodes quantum states in a non-local topological topology, providing inherent protection against environmental decoherence. Corroborated by spectroscopic analysis in SciDoc-002.",0
SCI_002,scidocs,D4_ColBERT_MultiVector,Corpus_Adversarial,0.7401,0.7279,0.0123,0.75,0.7521,0.75,True,True,True,2,"Topological quantum computation exploits non-Abelian anyons in two-dimensional electron gases to perform fault-tolerant quantum gate operations. By braiding world-lines of quasi-particles in spacetime, quantum information is encoded non-locally, conferring intrinsic immunity against local environmental decoherence. Experimental findings in Paper SciDoc-002.","Topological quantum computers utilize non-Abelian anyonic excitations in 2D electron systems to execute error-resilient quantum logic gates. Spatiotemporal braiding of quasi-particle trajectories encodes quantum states in a non-local topological topology, providing inherent protection against environmental decoherence. Corroborated by spectroscopic analysis in SciDoc-002.","According to scientific report #002, Topological quantum computers utilize non-Abelian anyonic excitations in 2D electron systems to execute error-resilient quantum logic gates. Spatiotemporal braiding of quasi-particle trajectories encodes quantum states in a non-local topological topology, providing inherent protection against environmental decoherence. Corroborated by spectroscopic analysis in SciDoc-002.",1
SCI_002,scidocs,D5_Longformer,Tier1_Static,0.7858,0.8138,-0.0279,0.75,0.7411,0.75,False,False,False,2,"Topological quantum computation exploits non-Abelian anyons in two-dimensional electron gases to perform fault-tolerant quantum gate operations. By braiding world-lines of quasi-particles in spacetime, quantum information is encoded non-locally, conferring intrinsic immunity against local environmental decoherence. Experimental findings in Paper SciDoc-002.","Topological quantum computers utilize non-Abelian anyonic excitations in 2D electron systems to execute error-resilient quantum logic gates. Spatiotemporal braiding of quasi-particle trajectories encodes quantum states in a non-local topological topology, providing inherent protection against environmental decoherence. Corroborated by spectroscopic analysis in SciDoc-002.","Topological quantum computers utilize non-Abelian anyonic quasi-particle modes in 2D electron systems to execute fault-tolerant quantum logic gates. Spatiotemporal braiding of quasi-particle trajectories encodes quantum states in a non-local topological topology, providing inherent protection against environmental decoherence. Corroborated by spectroscopic analysis in SciDoc-002.",1
SCI_002,scidocs,D5_Longformer,Tier2_Saliency,0.7858,0.7825,0.0033,0.75,0.7352,0.75,False,False,False,50,"Topological quantum computation exploits non-Abelian anyons in two-dimensional electron gases to perform fault-tolerant quantum gate operations. By braiding world-lines of quasi-particles in spacetime, quantum information is encoded non-locally, conferring intrinsic immunity against local environmental decoherence. Experimental findings in Paper SciDoc-002.","Topological quantum computers utilize non-Abelian anyonic excitations in 2D electron systems to execute error-resilient quantum logic gates. Spatiotemporal braiding of quasi-particle trajectories encodes quantum states in a non-local topological topology, providing inherent protection against environmental decoherence. Corroborated by spectroscopic analysis in SciDoc-002.","Topological quantum computers utilize non-Abelian anyonic collective states in 2D electron systems to execute robust quantum logic gates. Spatiotemporal braiding of quasi-particle trajectories encodes quantum states in a non-local topological topology, providing inherent protection against environmental decoherence. Corroborated by spectroscopic analysis in SciDoc-002.",9
SCI_002,scidocs,D5_Longformer,Corpus_Adversarial,0.7858,0.7732,0.0127,0.75,0.7521,0.75,False,True,False,2,"Topological quantum computation exploits non-Abelian anyons in two-dimensional electron gases to perform fault-tolerant quantum gate operations. By braiding world-lines of quasi-particles in spacetime, quantum information is encoded non-locally, conferring intrinsic immunity against local environmental decoherence. Experimental findings in Paper SciDoc-002.","Topological quantum computers utilize non-Abelian anyonic excitations in 2D electron systems to execute error-resilient quantum logic gates. Spatiotemporal braiding of quasi-particle trajectories encodes quantum states in a non-local topological topology, providing inherent protection against environmental decoherence. Corroborated by spectroscopic analysis in SciDoc-002.","According to scientific report #002, Topological quantum computers utilize non-Abelian anyonic excitations in 2D electron systems to execute error-resilient quantum logic gates. Spatiotemporal braiding of quasi-particle trajectories encodes quantum states in a non-local topological topology, providing inherent protection against environmental decoherence. Corroborated by spectroscopic analysis in SciDoc-002.",1
SCI_003,scidocs,D1_SBERT,Tier1_Static,0.8982,0.8982,0.0,0.75,0.7464,0.75,False,False,False,2,"High-temperature cuprate superconductors exhibit anomalous normal-state resistivity that scales linearly with temperature down to the superconducting transition, challenging conventional Fermi liquid transport theories. Experimental findings in Paper SciDoc-003.","Cuprate high-Tc superconductors display strange metal transport properties where electrical resistivity varies linearly with temperature until reaching the critical transition, violating standard Landau Fermi-liquid predictions. Corroborated by spectroscopic analysis in SciDoc-003.","Cuprate high-Tc superconductors display strange metal transport properties where electrical resistivity varies linearly with temperature until reaching the critical transition, violating standard Landau Fermi-liquid predictions. Corroborated by spectroscopic analysis in SciDoc-003.",1
SCI_003,scidocs,D1_SBERT,Tier2_Saliency,0.8982,0.8982,0.0,0.75,0.7464,0.75,False,False,False,50,"High-temperature cuprate superconductors exhibit anomalous normal-state resistivity that scales linearly with temperature down to the superconducting transition, challenging conventional Fermi liquid transport theories. Experimental findings in Paper SciDoc-003.","Cuprate high-Tc superconductors display strange metal transport properties where electrical resistivity varies linearly with temperature until reaching the critical transition, violating standard Landau Fermi-liquid predictions. Corroborated by spectroscopic analysis in SciDoc-003.","Cuprate high-Tc superconductors display strange metal transport properties where electrical resistivity varies linearly with temperature until reaching the critical transition, violating standard Landau Fermi-liquid predictions. Corroborated by spectroscopic analysis in SciDoc-003.",12
SCI_003,scidocs,D1_SBERT,Corpus_Adversarial,0.8982,0.88,0.0183,0.75,0.7487,0.75,False,False,False,2,"High-temperature cuprate superconductors exhibit anomalous normal-state resistivity that scales linearly with temperature down to the superconducting transition, challenging conventional Fermi liquid transport theories. Experimental findings in Paper SciDoc-003.","Cuprate high-Tc superconductors display strange metal transport properties where electrical resistivity varies linearly with temperature until reaching the critical transition, violating standard Landau Fermi-liquid predictions. Corroborated by spectroscopic analysis in SciDoc-003.","According to scientific report #003, Cuprate high-Tc superconductors display strange metal transport properties where electrical resistivity varies linearly with temperature until reaching the critical transition, violating standard Landau Fermi-liquid predictions. Corroborated by spectroscopic analysis in SciDoc-003.",1
SCI_003,scidocs,D2_SimCSE,Tier1_Static,0.9441,0.9441,0.0,0.75,0.7464,0.75,False,False,False,2,"High-temperature cuprate superconductors exhibit anomalous normal-state resistivity that scales linearly with temperature down to the superconducting transition, challenging conventional Fermi liquid transport theories. Experimental findings in Paper SciDoc-003.","Cuprate high-Tc superconductors display strange metal transport properties where electrical resistivity varies linearly with temperature until reaching the critical transition, violating standard Landau Fermi-liquid predictions. Corroborated by spectroscopic analysis in SciDoc-003.","Cuprate high-Tc superconductors display strange metal transport properties where electrical resistivity varies linearly with temperature until reaching the critical transition, violating standard Landau Fermi-liquid predictions. Corroborated by spectroscopic analysis in SciDoc-003.",1
SCI_003,scidocs,D2_SimCSE,Tier2_Saliency,0.9441,0.9441,0.0,0.75,0.7464,0.75,False,False,False,50,"High-temperature cuprate superconductors exhibit anomalous normal-state resistivity that scales linearly with temperature down to the superconducting transition, challenging conventional Fermi liquid transport theories. Experimental findings in Paper SciDoc-003.","Cuprate high-Tc superconductors display strange metal transport properties where electrical resistivity varies linearly with temperature until reaching the critical transition, violating standard Landau Fermi-liquid predictions. Corroborated by spectroscopic analysis in SciDoc-003.","Cuprate high-Tc superconductors display strange metal transport properties where electrical resistivity varies linearly with temperature until reaching the critical transition, violating standard Landau Fermi-liquid predictions. Corroborated by spectroscopic analysis in SciDoc-003.",12
SCI_003,scidocs,D2_SimCSE,Corpus_Adversarial,0.9441,0.9428,0.0013,0.75,0.7487,0.75,False,False,False,2,"High-temperature cuprate superconductors exhibit anomalous normal-state resistivity that scales linearly with temperature down to the superconducting transition, challenging conventional Fermi liquid transport theories. Experimental findings in Paper SciDoc-003.","Cuprate high-Tc superconductors display strange metal transport properties where electrical resistivity varies linearly with temperature until reaching the critical transition, violating standard Landau Fermi-liquid predictions. Corroborated by spectroscopic analysis in SciDoc-003.","According to scientific report #003, Cuprate high-Tc superconductors display strange metal transport properties where electrical resistivity varies linearly with temperature until reaching the critical transition, violating standard Landau Fermi-liquid predictions. Corroborated by spectroscopic analysis in SciDoc-003.",1
SCI_003,scidocs,D3_BMX_Hybrid,Tier1_Static,0.5807,0.5807,0.0,0.75,0.7464,0.75,True,False,False,1,"High-temperature cuprate superconductors exhibit anomalous normal-state resistivity that scales linearly with temperature down to the superconducting transition, challenging conventional Fermi liquid transport theories. Experimental findings in Paper SciDoc-003.","Cuprate high-Tc superconductors display strange metal transport properties where electrical resistivity varies linearly with temperature until reaching the critical transition, violating standard Landau Fermi-liquid predictions. Corroborated by spectroscopic analysis in SciDoc-003.","Cuprate high-Tc superconductors display strange metal transport properties where electrical resistivity varies linearly with temperature until reaching the critical transition, violating standard Landau Fermi-liquid predictions. Corroborated by spectroscopic analysis in SciDoc-003.",0
SCI_003,scidocs,D3_BMX_Hybrid,Tier2_Saliency,0.5807,0.5807,0.0,0.75,0.7464,0.75,True,False,False,1,"High-temperature cuprate superconductors exhibit anomalous normal-state resistivity that scales linearly with temperature down to the superconducting transition, challenging conventional Fermi liquid transport theories. Experimental findings in Paper SciDoc-003.","Cuprate high-Tc superconductors display strange metal transport properties where electrical resistivity varies linearly with temperature until reaching the critical transition, violating standard Landau Fermi-liquid predictions. Corroborated by spectroscopic analysis in SciDoc-003.","Cuprate high-Tc superconductors display strange metal transport properties where electrical resistivity varies linearly with temperature until reaching the critical transition, violating standard Landau Fermi-liquid predictions. Corroborated by spectroscopic analysis in SciDoc-003.",0
SCI_003,scidocs,D3_BMX_Hybrid,Corpus_Adversarial,0.5807,0.5702,0.0105,0.75,0.7487,0.75,True,False,False,2,"High-temperature cuprate superconductors exhibit anomalous normal-state resistivity that scales linearly with temperature down to the superconducting transition, challenging conventional Fermi liquid transport theories. Experimental findings in Paper SciDoc-003.","Cuprate high-Tc superconductors display strange metal transport properties where electrical resistivity varies linearly with temperature until reaching the critical transition, violating standard Landau Fermi-liquid predictions. Corroborated by spectroscopic analysis in SciDoc-003.","According to scientific report #003, Cuprate high-Tc superconductors display strange metal transport properties where electrical resistivity varies linearly with temperature until reaching the critical transition, violating standard Landau Fermi-liquid predictions. Corroborated by spectroscopic analysis in SciDoc-003.",1
SCI_003,scidocs,D4_ColBERT_MultiVector,Tier1_Static,0.8245,0.8245,0.0,0.75,0.7464,0.75,False,False,False,2,"High-temperature cuprate superconductors exhibit anomalous normal-state resistivity that scales linearly with temperature down to the superconducting transition, challenging conventional Fermi liquid transport theories. Experimental findings in Paper SciDoc-003.","Cuprate high-Tc superconductors display strange metal transport properties where electrical resistivity varies linearly with temperature until reaching the critical transition, violating standard Landau Fermi-liquid predictions. Corroborated by spectroscopic analysis in SciDoc-003.","Cuprate high-Tc superconductors display strange metal transport properties where electrical resistivity varies linearly with temperature until reaching the critical transition, violating standard Landau Fermi-liquid predictions. Corroborated by spectroscopic analysis in SciDoc-003.",1
SCI_003,scidocs,D4_ColBERT_MultiVector,Tier2_Saliency,0.8245,0.8245,0.0,0.75,0.7464,0.75,False,False,False,50,"High-temperature cuprate superconductors exhibit anomalous normal-state resistivity that scales linearly with temperature down to the superconducting transition, challenging conventional Fermi liquid transport theories. Experimental findings in Paper SciDoc-003.","Cuprate high-Tc superconductors display strange metal transport properties where electrical resistivity varies linearly with temperature until reaching the critical transition, violating standard Landau Fermi-liquid predictions. Corroborated by spectroscopic analysis in SciDoc-003.","Cuprate high-Tc superconductors display strange metal transport properties where electrical resistivity varies linearly with temperature until reaching the critical transition, violating standard Landau Fermi-liquid predictions. Corroborated by spectroscopic analysis in SciDoc-003.",12
SCI_003,scidocs,D4_ColBERT_MultiVector,Corpus_Adversarial,0.8245,0.817,0.0075,0.75,0.7487,0.75,False,False,False,2,"High-temperature cuprate superconductors exhibit anomalous normal-state resistivity that scales linearly with temperature down to the superconducting transition, challenging conventional Fermi liquid transport theories. Experimental findings in Paper SciDoc-003.","Cuprate high-Tc superconductors display strange metal transport properties where electrical resistivity varies linearly with temperature until reaching the critical transition, violating standard Landau Fermi-liquid predictions. Corroborated by spectroscopic analysis in SciDoc-003.","According to scientific report #003, Cuprate high-Tc superconductors display strange metal transport properties where electrical resistivity varies linearly with temperature until reaching the critical transition, violating standard Landau Fermi-liquid predictions. Corroborated by spectroscopic analysis in SciDoc-003.",1
SCI_003,scidocs,D5_Longformer,Tier1_Static,0.8982,0.8982,0.0,0.75,0.7464,0.75,False,False,False,2,"High-temperature cuprate superconductors exhibit anomalous normal-state resistivity that scales linearly with temperature down to the superconducting transition, challenging conventional Fermi liquid transport theories. Experimental findings in Paper SciDoc-003.","Cuprate high-Tc superconductors display strange metal transport properties where electrical resistivity varies linearly with temperature until reaching the critical transition, violating standard Landau Fermi-liquid predictions. Corroborated by spectroscopic analysis in SciDoc-003.","Cuprate high-Tc superconductors display strange metal transport properties where electrical resistivity varies linearly with temperature until reaching the critical transition, violating standard Landau Fermi-liquid predictions. Corroborated by spectroscopic analysis in SciDoc-003.",1
SCI_003,scidocs,D5_Longformer,Tier2_Saliency,0.8982,0.8982,0.0,0.75,0.7464,0.75,False,False,False,50,"High-temperature cuprate superconductors exhibit anomalous normal-state resistivity that scales linearly with temperature down to the superconducting transition, challenging conventional Fermi liquid transport theories. Experimental findings in Paper SciDoc-003.","Cuprate high-Tc superconductors display strange metal transport properties where electrical resistivity varies linearly with temperature until reaching the critical transition, violating standard Landau Fermi-liquid predictions. Corroborated by spectroscopic analysis in SciDoc-003.","Cuprate high-Tc superconductors display strange metal transport properties where electrical resistivity varies linearly with temperature until reaching the critical transition, violating standard Landau Fermi-liquid predictions. Corroborated by spectroscopic analysis in SciDoc-003.",12
SCI_003,scidocs,D5_Longformer,Corpus_Adversarial,0.8982,0.88,0.0183,0.75,0.7487,0.75,False,False,False,2,"High-temperature cuprate superconductors exhibit anomalous normal-state resistivity that scales linearly with temperature down to the superconducting transition, challenging conventional Fermi liquid transport theories. Experimental findings in Paper SciDoc-003.","Cuprate high-Tc superconductors display strange metal transport properties where electrical resistivity varies linearly with temperature until reaching the critical transition, violating standard Landau Fermi-liquid predictions. Corroborated by spectroscopic analysis in SciDoc-003.","According to scientific report #003, Cuprate high-Tc superconductors display strange metal transport properties where electrical resistivity varies linearly with temperature until reaching the critical transition, violating standard Landau Fermi-liquid predictions. Corroborated by spectroscopic analysis in SciDoc-003.",1
SCI_004,scidocs,D1_SBERT,Tier1_Static,0.8354,0.8354,0.0,0.75,0.7538,0.75,False,True,False,2,"Organometal halide perovskites demonstrate exceptional photovoltaic conversion efficiencies owing to their high absorption coefficients, long carrier diffusion lengths, and low non-radiative recombination rates. Experimental findings in Paper SciDoc-004.","Halide perovskite semiconductor materials achieve superior solar cell performance due to strong optical absorption, extended carrier lifespans, and minimal non-radiative recombination losses. Corroborated by spectroscopic analysis in SciDoc-004.","Halide perovskite semiconductor materials achieve superior solar cell performance due to strong optical absorption, extended carrier lifespans, and minimal non-radiative recombination losses. Corroborated by spectroscopic analysis in SciDoc-004.",1
SCI_004,scidocs,D1_SBERT,Tier2_Saliency,0.8354,0.8354,0.0,0.75,0.7538,0.75,False,True,False,50,"Organometal halide perovskites demonstrate exceptional photovoltaic conversion efficiencies owing to their high absorption coefficients, long carrier diffusion lengths, and low non-radiative recombination rates. Experimental findings in Paper SciDoc-004.","Halide perovskite semiconductor materials achieve superior solar cell performance due to strong optical absorption, extended carrier lifespans, and minimal non-radiative recombination losses. Corroborated by spectroscopic analysis in SciDoc-004.","Halide perovskite semiconductor materials achieve superior solar cell performance due to strong optical absorption, extended carrier lifespans, and minimal non-radiative recombination losses. Corroborated by spectroscopic analysis in SciDoc-004.",6
SCI_004,scidocs,D1_SBERT,Corpus_Adversarial,0.8354,0.8312,0.0042,0.75,0.7586,0.75,False,True,False,2,"Organometal halide perovskites demonstrate exceptional photovoltaic conversion efficiencies owing to their high absorption coefficients, long carrier diffusion lengths, and low non-radiative recombination rates. Experimental findings in Paper SciDoc-004.","Halide perovskite semiconductor materials achieve superior solar cell performance due to strong optical absorption, extended carrier lifespans, and minimal non-radiative recombination losses. Corroborated by spectroscopic analysis in SciDoc-004.","According to scientific report #004, Halide perovskite semiconductor materials achieve superior solar cell performance due to strong optical absorption, extended carrier lifespans, and minimal non-radiative recombination losses. Corroborated by spectroscopic analysis in SciDoc-004.",1
SCI_004,scidocs,D2_SimCSE,Tier1_Static,0.917,0.917,0.0,0.75,0.7538,0.75,False,True,False,2,"Organometal halide perovskites demonstrate exceptional photovoltaic conversion efficiencies owing to their high absorption coefficients, long carrier diffusion lengths, and low non-radiative recombination rates. Experimental findings in Paper SciDoc-004.","Halide perovskite semiconductor materials achieve superior solar cell performance due to strong optical absorption, extended carrier lifespans, and minimal non-radiative recombination losses. Corroborated by spectroscopic analysis in SciDoc-004.","Halide perovskite semiconductor materials achieve superior solar cell performance due to strong optical absorption, extended carrier lifespans, and minimal non-radiative recombination losses. Corroborated by spectroscopic analysis in SciDoc-004.",1
SCI_004,scidocs,D2_SimCSE,Tier2_Saliency,0.917,0.9162,0.0008,0.75,0.7551,0.75,False,True,False,50,"Organometal halide perovskites demonstrate exceptional photovoltaic conversion efficiencies owing to their high absorption coefficients, long carrier diffusion lengths, and low non-radiative recombination rates. Experimental findings in Paper SciDoc-004.","Halide perovskite semiconductor materials achieve superior solar cell performance due to strong optical absorption, extended carrier lifespans, and minimal non-radiative recombination losses. Corroborated by spectroscopic analysis in SciDoc-004.","Halide perovskite semiconductor materials achieve superior solar cell performance owing to strong optical absorption, extended carrier lifespans, and minimal non-radiative recombination losses. Corroborated by spectroscopic analysis in SciDoc-004.",6
SCI_004,scidocs,D2_SimCSE,Corpus_Adversarial,0.917,0.9173,-0.0004,0.75,0.7586,0.75,False,True,False,2,"Organometal halide perovskites demonstrate exceptional photovoltaic conversion efficiencies owing to their high absorption coefficients, long carrier diffusion lengths, and low non-radiative recombination rates. Experimental findings in Paper SciDoc-004.","Halide perovskite semiconductor materials achieve superior solar cell performance due to strong optical absorption, extended carrier lifespans, and minimal non-radiative recombination losses. Corroborated by spectroscopic analysis in SciDoc-004.","According to scientific report #004, Halide perovskite semiconductor materials achieve superior solar cell performance due to strong optical absorption, extended carrier lifespans, and minimal non-radiative recombination losses. Corroborated by spectroscopic analysis in SciDoc-004.",1
SCI_004,scidocs,D3_BMX_Hybrid,Tier1_Static,0.5146,0.5146,0.0,0.75,0.7538,0.75,True,True,True,1,"Organometal halide perovskites demonstrate exceptional photovoltaic conversion efficiencies owing to their high absorption coefficients, long carrier diffusion lengths, and low non-radiative recombination rates. Experimental findings in Paper SciDoc-004.","Halide perovskite semiconductor materials achieve superior solar cell performance due to strong optical absorption, extended carrier lifespans, and minimal non-radiative recombination losses. Corroborated by spectroscopic analysis in SciDoc-004.","Halide perovskite semiconductor materials achieve superior solar cell performance due to strong optical absorption, extended carrier lifespans, and minimal non-radiative recombination losses. Corroborated by spectroscopic analysis in SciDoc-004.",0
SCI_004,scidocs,D3_BMX_Hybrid,Tier2_Saliency,0.5146,0.5146,0.0,0.75,0.7538,0.75,True,True,True,1,"Organometal halide perovskites demonstrate exceptional photovoltaic conversion efficiencies owing to their high absorption coefficients, long carrier diffusion lengths, and low non-radiative recombination rates. Experimental findings in Paper SciDoc-004.","Halide perovskite semiconductor materials achieve superior solar cell performance due to strong optical absorption, extended carrier lifespans, and minimal non-radiative recombination losses. Corroborated by spectroscopic analysis in SciDoc-004.","Halide perovskite semiconductor materials achieve superior solar cell performance due to strong optical absorption, extended carrier lifespans, and minimal non-radiative recombination losses. Corroborated by spectroscopic analysis in SciDoc-004.",0
SCI_004,scidocs,D3_BMX_Hybrid,Corpus_Adversarial,0.5146,0.5029,0.0118,0.75,0.7586,0.75,True,True,True,2,"Organometal halide perovskites demonstrate exceptional photovoltaic conversion efficiencies owing to their high absorption coefficients, long carrier diffusion lengths, and low non-radiative recombination rates. Experimental findings in Paper SciDoc-004.","Halide perovskite semiconductor materials achieve superior solar cell performance due to strong optical absorption, extended carrier lifespans, and minimal non-radiative recombination losses. Corroborated by spectroscopic analysis in SciDoc-004.","According to scientific report #004, Halide perovskite semiconductor materials achieve superior solar cell performance due to strong optical absorption, extended carrier lifespans, and minimal non-radiative recombination losses. Corroborated by spectroscopic analysis in SciDoc-004.",1
SCI_004,scidocs,D4_ColBERT_MultiVector,Tier1_Static,0.716,0.716,0.0,0.75,0.7538,0.75,True,True,True,1,"Organometal halide perovskites demonstrate exceptional photovoltaic conversion efficiencies owing to their high absorption coefficients, long carrier diffusion lengths, and low non-radiative recombination rates. Experimental findings in Paper SciDoc-004.","Halide perovskite semiconductor materials achieve superior solar cell performance due to strong optical absorption, extended carrier lifespans, and minimal non-radiative recombination losses. Corroborated by spectroscopic analysis in SciDoc-004.","Halide perovskite semiconductor materials achieve superior solar cell performance due to strong optical absorption, extended carrier lifespans, and minimal non-radiative recombination losses. Corroborated by spectroscopic analysis in SciDoc-004.",0
SCI_004,scidocs,D4_ColBERT_MultiVector,Tier2_Saliency,0.716,0.716,0.0,0.75,0.7538,0.75,True,True,True,1,"Organometal halide perovskites demonstrate exceptional photovoltaic conversion efficiencies owing to their high absorption coefficients, long carrier diffusion lengths, and low non-radiative recombination rates. Experimental findings in Paper SciDoc-004.","Halide perovskite semiconductor materials achieve superior solar cell performance due to strong optical absorption, extended carrier lifespans, and minimal non-radiative recombination losses. Corroborated by spectroscopic analysis in SciDoc-004.","Halide perovskite semiconductor materials achieve superior solar cell performance due to strong optical absorption, extended carrier lifespans, and minimal non-radiative recombination losses. Corroborated by spectroscopic analysis in SciDoc-004.",0
SCI_004,scidocs,D4_ColBERT_MultiVector,Corpus_Adversarial,0.716,0.722,-0.006,0.75,0.7586,0.75,True,True,True,2,"Organometal halide perovskites demonstrate exceptional photovoltaic conversion efficiencies owing to their high absorption coefficients, long carrier diffusion lengths, and low non-radiative recombination rates. Experimental findings in Paper SciDoc-004.","Halide perovskite semiconductor materials achieve superior solar cell performance due to strong optical absorption, extended carrier lifespans, and minimal non-radiative recombination losses. Corroborated by spectroscopic analysis in SciDoc-004.","According to scientific report #004, Halide perovskite semiconductor materials achieve superior solar cell performance due to strong optical absorption, extended carrier lifespans, and minimal non-radiative recombination losses. Corroborated by spectroscopic analysis in SciDoc-004.",1
SCI_004,scidocs,D5_Longformer,Tier1_Static,0.8354,0.8354,0.0,0.75,0.7538,0.75,False,True,False,2,"Organometal halide perovskites demonstrate exceptional photovoltaic conversion efficiencies owing to their high absorption coefficients, long carrier diffusion lengths, and low non-radiative recombination rates. Experimental findings in Paper SciDoc-004.","Halide perovskite semiconductor materials achieve superior solar cell performance due to strong optical absorption, extended carrier lifespans, and minimal non-radiative recombination losses. Corroborated by spectroscopic analysis in SciDoc-004.","Halide perovskite semiconductor materials achieve superior solar cell performance due to strong optical absorption, extended carrier lifespans, and minimal non-radiative recombination losses. Corroborated by spectroscopic analysis in SciDoc-004.",1
SCI_004,scidocs,D5_Longformer,Tier2_Saliency,0.8354,0.8354,0.0,0.75,0.7538,0.75,False,True,False,50,"Organometal halide perovskites demonstrate exceptional photovoltaic conversion efficiencies owing to their high absorption coefficients, long carrier diffusion lengths, and low non-radiative recombination rates. Experimental findings in Paper SciDoc-004.","Halide perovskite semiconductor materials achieve superior solar cell performance due to strong optical absorption, extended carrier lifespans, and minimal non-radiative recombination losses. Corroborated by spectroscopic analysis in SciDoc-004.","Halide perovskite semiconductor materials achieve superior solar cell performance due to strong optical absorption, extended carrier lifespans, and minimal non-radiative recombination losses. Corroborated by spectroscopic analysis in SciDoc-004.",6
SCI_004,scidocs,D5_Longformer,Corpus_Adversarial,0.8354,0.8312,0.0042,0.75,0.7586,0.75,False,True,False,2,"Organometal halide perovskites demonstrate exceptional photovoltaic conversion efficiencies owing to their high absorption coefficients, long carrier diffusion lengths, and low non-radiative recombination rates. Experimental findings in Paper SciDoc-004.","Halide perovskite semiconductor materials achieve superior solar cell performance due to strong optical absorption, extended carrier lifespans, and minimal non-radiative recombination losses. Corroborated by spectroscopic analysis in SciDoc-004.","According to scientific report #004, Halide perovskite semiconductor materials achieve superior solar cell performance due to strong optical absorption, extended carrier lifespans, and minimal non-radiative recombination losses. Corroborated by spectroscopic analysis in SciDoc-004.",1
ACAD_001,academic,D1_SBERT,Tier1_Static,0.8395,0.808,0.0315,0.75,0.9366,0.75,False,True,False,2,"Supervised contrastive learning optimizes the representation space by pulling together normalized embeddings from the same class while pushing apart embeddings from different classes. The loss function extends the traditional self-supervised InfoNCE framework to accommodate multiple positive pairs, enabling robust multi-class feature clustering and mitigating class collapse. Described in CSFCube facet #1.","Supervised contrastive learning structures the latent space by clustering normalized embeddings belonging to identical classes and separating representations from distinct classes. This objective generalizes the conventional unsupervised InfoNCE loss to handle multiple positive instances, which facilitates stable feature discrimination and avoids representation collapse. Formulated in CSFCube aspect #1.","Supervised contrastive learning organizes the embedding domain by coalescing unit-length vectors belonging to identical classes and separating representations from heterogeneous labels. This objective extends the conventional unsupervised InfoNCE loss to handle multiple positive instances, which streamlines stable feature discrimination and avoids embedding saturation. Formulated in CSFCube aspect #1.",1
ACAD_001,academic,D1_SBERT,Tier2_Saliency,0.8395,0.7881,0.0513,0.75,0.9385,0.75,False,True,False,50,"Supervised contrastive learning optimizes the representation space by pulling together normalized embeddings from the same class while pushing apart embeddings from different classes. The loss function extends the traditional self-supervised InfoNCE framework to accommodate multiple positive pairs, enabling robust multi-class feature clustering and mitigating class collapse. Described in CSFCube facet #1.","Supervised contrastive learning structures the latent space by clustering normalized embeddings belonging to identical classes and separating representations from distinct classes. This objective generalizes the conventional unsupervised InfoNCE loss to handle multiple positive instances, which facilitates stable feature discrimination and avoids representation collapse. Formulated in CSFCube aspect #1.","Supervised contrastive learning formats the feature geometry by associating scaled feature representations belonging to identical classes and separating representations from disparate categories. This objective scales the conventional unsupervised InfoNCE loss to handle multiple positive instances, which promotes stable feature discrimination and avoids feature degeneration. Formulated in CSFCube aspect #1.",6
ACAD_001,academic,D1_SBERT,Corpus_Adversarial,0.8395,0.8258,0.0136,0.75,0.9473,0.75,False,True,False,2,"Supervised contrastive learning optimizes the representation space by pulling together normalized embeddings from the same class while pushing apart embeddings from different classes. The loss function extends the traditional self-supervised InfoNCE framework to accommodate multiple positive pairs, enabling robust multi-class feature clustering and mitigating class collapse. Described in CSFCube facet #1.","Supervised contrastive learning structures the latent space by clustering normalized embeddings belonging to identical classes and separating representations from distinct classes. This objective generalizes the conventional unsupervised InfoNCE loss to handle multiple positive instances, which facilitates stable feature discrimination and avoids representation collapse. Formulated in CSFCube aspect #1.","In computational evaluation #001, Supervised contrastive learning structures the latent space by clustering normalized embeddings belonging to identical classes and separating representations from distinct classes. This objective generalizes the conventional unsupervised InfoNCE loss to handle multiple positive instances, which facilitates stable feature discrimination and avoids representation collapse. Formulated in CSFCube aspect #1.",1
ACAD_001,academic,D2_SimCSE,Tier1_Static,0.9466,0.8971,0.0496,0.75,0.9275,0.75,False,True,False,2,"Supervised contrastive learning optimizes the representation space by pulling together normalized embeddings from the same class while pushing apart embeddings from different classes. The loss function extends the traditional self-supervised InfoNCE framework to accommodate multiple positive pairs, enabling robust multi-class feature clustering and mitigating class collapse. Described in CSFCube facet #1.","Supervised contrastive learning structures the latent space by clustering normalized embeddings belonging to identical classes and separating representations from distinct classes. This objective generalizes the conventional unsupervised InfoNCE loss to handle multiple positive instances, which facilitates stable feature discrimination and avoids representation collapse. Formulated in CSFCube aspect #1.","Supervised contrastive learning architects the feature geometry by grouping standardized embeddings belonging to identical classes and separating representations from disparate categories. This objective scales the conventional unsupervised InfoNCE loss to handle multiple positive instances, which streamlines stable feature discrimination and avoids dimensional collapse. Formulated in CSFCube aspect #1.",1
ACAD_001,academic,D2_SimCSE,Tier2_Saliency,0.9466,0.9206,0.026,0.75,0.946,0.75,False,True,False,50,"Supervised contrastive learning optimizes the representation space by pulling together normalized embeddings from the same class while pushing apart embeddings from different classes. The loss function extends the traditional self-supervised InfoNCE framework to accommodate multiple positive pairs, enabling robust multi-class feature clustering and mitigating class collapse. Described in CSFCube facet #1.","Supervised contrastive learning structures the latent space by clustering normalized embeddings belonging to identical classes and separating representations from distinct classes. This objective generalizes the conventional unsupervised InfoNCE loss to handle multiple positive instances, which facilitates stable feature discrimination and avoids representation collapse. Formulated in CSFCube aspect #1.","Supervised contrastive learning configures the vector manifold by associating standardized embeddings belonging to identical classes and separating representations from disparate categories. This objective broadens the conventional unsupervised InfoNCE loss to handle multiple positive instances, which drives stable feature discrimination and avoids embedding saturation. Formulated in CSFCube aspect #1.",6
ACAD_001,academic,D2_SimCSE,Corpus_Adversarial,0.9466,0.9294,0.0173,0.75,0.9473,0.75,False,True,False,2,"Supervised contrastive learning optimizes the representation space by pulling together normalized embeddings from the same class while pushing apart embeddings from different classes. The loss function extends the traditional self-supervised InfoNCE framework to accommodate multiple positive pairs, enabling robust multi-class feature clustering and mitigating class collapse. Described in CSFCube facet #1.","Supervised contrastive learning structures the latent space by clustering normalized embeddings belonging to identical classes and separating representations from distinct classes. This objective generalizes the conventional unsupervised InfoNCE loss to handle multiple positive instances, which facilitates stable feature discrimination and avoids representation collapse. Formulated in CSFCube aspect #1.","In computational evaluation #001, Supervised contrastive learning structures the latent space by clustering normalized embeddings belonging to identical classes and separating representations from distinct classes. This objective generalizes the conventional unsupervised InfoNCE loss to handle multiple positive instances, which facilitates stable feature discrimination and avoids representation collapse. Formulated in CSFCube aspect #1.",1
ACAD_001,academic,D3_BMX_Hybrid,Tier1_Static,0.5593,0.5593,0.0,0.75,0.9516,0.75,True,True,True,1,"Supervised contrastive learning optimizes the representation space by pulling together normalized embeddings from the same class while pushing apart embeddings from different classes. The loss function extends the traditional self-supervised InfoNCE framework to accommodate multiple positive pairs, enabling robust multi-class feature clustering and mitigating class collapse. Described in CSFCube facet #1.","Supervised contrastive learning structures the latent space by clustering normalized embeddings belonging to identical classes and separating representations from distinct classes. This objective generalizes the conventional unsupervised InfoNCE loss to handle multiple positive instances, which facilitates stable feature discrimination and avoids representation collapse. Formulated in CSFCube aspect #1.","Supervised contrastive learning structures the latent space by clustering normalized embeddings belonging to identical classes and separating representations from distinct classes. This objective generalizes the conventional unsupervised InfoNCE loss to handle multiple positive instances, which facilitates stable feature discrimination and avoids representation collapse. Formulated in CSFCube aspect #1.",0
ACAD_001,academic,D3_BMX_Hybrid,Tier2_Saliency,0.5593,0.5593,0.0,0.75,0.9516,0.75,True,True,True,1,"Supervised contrastive learning optimizes the representation space by pulling together normalized embeddings from the same class while pushing apart embeddings from different classes. The loss function extends the traditional self-supervised InfoNCE framework to accommodate multiple positive pairs, enabling robust multi-class feature clustering and mitigating class collapse. Described in CSFCube facet #1.","Supervised contrastive learning structures the latent space by clustering normalized embeddings belonging to identical classes and separating representations from distinct classes. This objective generalizes the conventional unsupervised InfoNCE loss to handle multiple positive instances, which facilitates stable feature discrimination and avoids representation collapse. Formulated in CSFCube aspect #1.","Supervised contrastive learning structures the latent space by clustering normalized embeddings belonging to identical classes and separating representations from distinct classes. This objective generalizes the conventional unsupervised InfoNCE loss to handle multiple positive instances, which facilitates stable feature discrimination and avoids representation collapse. Formulated in CSFCube aspect #1.",0
ACAD_001,academic,D3_BMX_Hybrid,Corpus_Adversarial,0.5593,0.545,0.0143,0.75,0.9473,0.75,True,True,True,2,"Supervised contrastive learning optimizes the representation space by pulling together normalized embeddings from the same class while pushing apart embeddings from different classes. The loss function extends the traditional self-supervised InfoNCE framework to accommodate multiple positive pairs, enabling robust multi-class feature clustering and mitigating class collapse. Described in CSFCube facet #1.","Supervised contrastive learning structures the latent space by clustering normalized embeddings belonging to identical classes and separating representations from distinct classes. This objective generalizes the conventional unsupervised InfoNCE loss to handle multiple positive instances, which facilitates stable feature discrimination and avoids representation collapse. Formulated in CSFCube aspect #1.","In computational evaluation #001, Supervised contrastive learning structures the latent space by clustering normalized embeddings belonging to identical classes and separating representations from distinct classes. This objective generalizes the conventional unsupervised InfoNCE loss to handle multiple positive instances, which facilitates stable feature discrimination and avoids representation collapse. Formulated in CSFCube aspect #1.",1
ACAD_001,academic,D4_ColBERT_MultiVector,Tier1_Static,0.7651,0.7323,0.0328,0.75,0.9398,0.75,True,True,True,2,"Supervised contrastive learning optimizes the representation space by pulling together normalized embeddings from the same class while pushing apart embeddings from different classes. The loss function extends the traditional self-supervised InfoNCE framework to accommodate multiple positive pairs, enabling robust multi-class feature clustering and mitigating class collapse. Described in CSFCube facet #1.","Supervised contrastive learning structures the latent space by clustering normalized embeddings belonging to identical classes and separating representations from distinct classes. This objective generalizes the conventional unsupervised InfoNCE loss to handle multiple positive instances, which facilitates stable feature discrimination and avoids representation collapse. Formulated in CSFCube aspect #1.","Supervised contrastive learning formats the vector manifold by grouping standardized embeddings belonging to identical classes and separating representations from heterogeneous labels. This objective adapts the conventional unsupervised InfoNCE loss to handle multiple positive instances, which promotes stable feature discrimination and avoids dimensional collapse. Formulated in CSFCube aspect #1.",1
ACAD_001,academic,D4_ColBERT_MultiVector,Tier2_Saliency,0.7651,0.6884,0.0766,0.75,0.9458,0.75,True,True,True,9,"Supervised contrastive learning optimizes the representation space by pulling together normalized embeddings from the same class while pushing apart embeddings from different classes. The loss function extends the traditional self-supervised InfoNCE framework to accommodate multiple positive pairs, enabling robust multi-class feature clustering and mitigating class collapse. Described in CSFCube facet #1.","Supervised contrastive learning structures the latent space by clustering normalized embeddings belonging to identical classes and separating representations from distinct classes. This objective generalizes the conventional unsupervised InfoNCE loss to handle multiple positive instances, which facilitates stable feature discrimination and avoids representation collapse. Formulated in CSFCube aspect #1.","Supervised contrastive learning architects the feature geometry by coalescing unit-length vectors belonging to identical classes and separating representations from separate classifications. This objective adapts the conventional unsupervised InfoNCE loss to handle multiple positive instances, which facilitates stable feature discrimination and avoids representation collapse. Formulated in CSFCube aspect #1.",1
ACAD_001,academic,D4_ColBERT_MultiVector,Corpus_Adversarial,0.7651,0.761,0.0041,0.75,0.9473,0.75,False,True,False,2,"Supervised contrastive learning optimizes the representation space by pulling together normalized embeddings from the same class while pushing apart embeddings from different classes. The loss function extends the traditional self-supervised InfoNCE framework to accommodate multiple positive pairs, enabling robust multi-class feature clustering and mitigating class collapse. Described in CSFCube facet #1.","Supervised contrastive learning structures the latent space by clustering normalized embeddings belonging to identical classes and separating representations from distinct classes. This objective generalizes the conventional unsupervised InfoNCE loss to handle multiple positive instances, which facilitates stable feature discrimination and avoids representation collapse. Formulated in CSFCube aspect #1.","In computational evaluation #001, Supervised contrastive learning structures the latent space by clustering normalized embeddings belonging to identical classes and separating representations from distinct classes. This objective generalizes the conventional unsupervised InfoNCE loss to handle multiple positive instances, which facilitates stable feature discrimination and avoids representation collapse. Formulated in CSFCube aspect #1.",1
ACAD_001,academic,D5_Longformer,Tier1_Static,0.8395,0.8407,-0.0013,0.75,0.9339,0.75,False,True,False,2,"Supervised contrastive learning optimizes the representation space by pulling together normalized embeddings from the same class while pushing apart embeddings from different classes. The loss function extends the traditional self-supervised InfoNCE framework to accommodate multiple positive pairs, enabling robust multi-class feature clustering and mitigating class collapse. Described in CSFCube facet #1.","Supervised contrastive learning structures the latent space by clustering normalized embeddings belonging to identical classes and separating representations from distinct classes. This objective generalizes the conventional unsupervised InfoNCE loss to handle multiple positive instances, which facilitates stable feature discrimination and avoids representation collapse. Formulated in CSFCube aspect #1.","Supervised contrastive learning configures the feature geometry by associating standardized embeddings belonging to identical classes and separating representations from heterogeneous labels. This objective extends the conventional unsupervised InfoNCE loss to handle multiple positive instances, which promotes stable feature discrimination and avoids dimensional collapse. Formulated in CSFCube aspect #1.",1
ACAD_001,academic,D5_Longformer,Tier2_Saliency,0.8395,0.7785,0.061,0.75,0.9342,0.75,False,True,False,50,"Supervised contrastive learning optimizes the representation space by pulling together normalized embeddings from the same class while pushing apart embeddings from different classes. The loss function extends the traditional self-supervised InfoNCE framework to accommodate multiple positive pairs, enabling robust multi-class feature clustering and mitigating class collapse. Described in CSFCube facet #1.","Supervised contrastive learning structures the latent space by clustering normalized embeddings belonging to identical classes and separating representations from distinct classes. This objective generalizes the conventional unsupervised InfoNCE loss to handle multiple positive instances, which facilitates stable feature discrimination and avoids representation collapse. Formulated in CSFCube aspect #1.","Supervised contrastive learning architects the feature geometry by aggregating unit-length vectors belonging to identical classes and separating representations from disparate categories. This objective adapts the conventional unsupervised InfoNCE loss to handle multiple positive instances, which streamlines stable feature discrimination and avoids feature degeneration. Formulated in CSFCube aspect #1.",6
ACAD_001,academic,D5_Longformer,Corpus_Adversarial,0.8395,0.8258,0.0136,0.75,0.9473,0.75,False,True,False,2,"Supervised contrastive learning optimizes the representation space by pulling together normalized embeddings from the same class while pushing apart embeddings from different classes. The loss function extends the traditional self-supervised InfoNCE framework to accommodate multiple positive pairs, enabling robust multi-class feature clustering and mitigating class collapse. Described in CSFCube facet #1.","Supervised contrastive learning structures the latent space by clustering normalized embeddings belonging to identical classes and separating representations from distinct classes. This objective generalizes the conventional unsupervised InfoNCE loss to handle multiple positive instances, which facilitates stable feature discrimination and avoids representation collapse. Formulated in CSFCube aspect #1.","In computational evaluation #001, Supervised contrastive learning structures the latent space by clustering normalized embeddings belonging to identical classes and separating representations from distinct classes. This objective generalizes the conventional unsupervised InfoNCE loss to handle multiple positive instances, which facilitates stable feature discrimination and avoids representation collapse. Formulated in CSFCube aspect #1.",1
ACAD_002,academic,D1_SBERT,Tier1_Static,0.8443,0.7634,0.0809,0.75,0.9153,0.75,False,True,False,2,"Transformer architectures rely heavily on multi-head self-attention mechanisms to compute pairwise relationships between all tokens in a sequence. Although effective for short sequences, the quadratic computational complexity with respect to sequence length imposes severe memory bottlenecks during document-level representation learning. Described in CSFCube facet #2.","Transformers depend on multi-head self-attention layers to model token-to-token dependencies across the input sequence. While highly expressive for brief texts, the quadratic time and memory scaling relative to context length introduces substantial computational bottlenecks when analyzing long-form documents. Formulated in CSFCube aspect #2.","Transformers leverage multi-branch attention mechanisms layers to map token-to-token dependencies across the input sequence. While highly expressive for brief texts, the quadratic time and memory scaling relative to context length introduces substantial resource limits when analyzing voluminous contexts. Formulated in CSFCube aspect #2.",1
ACAD_002,academic,D1_SBERT,Tier2_Saliency,0.8443,0.7723,0.072,0.75,0.925,0.75,False,True,False,50,"Transformer architectures rely heavily on multi-head self-attention mechanisms to compute pairwise relationships between all tokens in a sequence. Although effective for short sequences, the quadratic computational complexity with respect to sequence length imposes severe memory bottlenecks during document-level representation learning. Described in CSFCube facet #2.","Transformers depend on multi-head self-attention layers to model token-to-token dependencies across the input sequence. While highly expressive for brief texts, the quadratic time and memory scaling relative to context length introduces substantial computational bottlenecks when analyzing long-form documents. Formulated in CSFCube aspect #2.","Transformers hinge upon multi-branch attention mechanisms layers to map token-to-token dependencies across the input sequence. While highly expressive for brief texts, the quadratic time and memory scaling relative to context length introduces substantial processing bottlenecks when analyzing voluminous contexts. Formulated in CSFCube aspect #2.",6
ACAD_002,academic,D1_SBERT,Corpus_Adversarial,0.8443,0.8323,0.012,0.75,0.8129,0.75,False,True,False,2,"Transformer architectures rely heavily on multi-head self-attention mechanisms to compute pairwise relationships between all tokens in a sequence. Although effective for short sequences, the quadratic computational complexity with respect to sequence length imposes severe memory bottlenecks during document-level representation learning. Described in CSFCube facet #2.","Transformers depend on multi-head self-attention layers to model token-to-token dependencies across the input sequence. While highly expressive for brief texts, the quadratic time and memory scaling relative to context length introduces substantial computational bottlenecks when analyzing long-form documents. Formulated in CSFCube aspect #2.","In computational evaluation #002, Transformers depend on multi-head self-attention layers to model token-to-token dependencies across the input sequence. While highly expressive for brief texts, the quadratic time and memory scaling relative to context length introduces substantial computational bottlenecks when analyzing long-form documents. Formulated in CSFCube aspect #2.",1
ACAD_002,academic,D2_SimCSE,Tier1_Static,0.9119,0.9113,0.0006,0.75,0.9337,0.75,False,True,False,2,"Transformer architectures rely heavily on multi-head self-attention mechanisms to compute pairwise relationships between all tokens in a sequence. Although effective for short sequences, the quadratic computational complexity with respect to sequence length imposes severe memory bottlenecks during document-level representation learning. Described in CSFCube facet #2.","Transformers depend on multi-head self-attention layers to model token-to-token dependencies across the input sequence. While highly expressive for brief texts, the quadratic time and memory scaling relative to context length introduces substantial computational bottlenecks when analyzing long-form documents. Formulated in CSFCube aspect #2.","Transformers rely extensively on parallelized attention heads layers to capture token-to-token dependencies across the input sequence. While highly expressive for brief texts, the quadratic time and memory scaling relative to context length introduces substantial processing bottlenecks when analyzing extended text corpora. Formulated in CSFCube aspect #2.",1
ACAD_002,academic,D2_SimCSE,Tier2_Saliency,0.9119,0.8933,0.0187,0.75,0.9248,0.75,False,True,False,50,"Transformer architectures rely heavily on multi-head self-attention mechanisms to compute pairwise relationships between all tokens in a sequence. Although effective for short sequences, the quadratic computational complexity with respect to sequence length imposes severe memory bottlenecks during document-level representation learning. Described in CSFCube facet #2.","Transformers depend on multi-head self-attention layers to model token-to-token dependencies across the input sequence. While highly expressive for brief texts, the quadratic time and memory scaling relative to context length introduces substantial computational bottlenecks when analyzing long-form documents. Formulated in CSFCube aspect #2.","Transformers utilize parallelized attention heads layers to map token-to-token dependencies across the input sequence. While highly expressive for brief texts, the quadratic time and memory scaling relative to context length introduces substantial resource limits when analyzing extended text corpora. Formulated in CSFCube aspect #2.",6
ACAD_002,academic,D2_SimCSE,Corpus_Adversarial,0.9119,0.9012,0.0107,0.75,0.8129,0.75,False,True,False,2,"Transformer architectures rely heavily on multi-head self-attention mechanisms to compute pairwise relationships between all tokens in a sequence. Although effective for short sequences, the quadratic computational complexity with respect to sequence length imposes severe memory bottlenecks during document-level representation learning. Described in CSFCube facet #2.","Transformers depend on multi-head self-attention layers to model token-to-token dependencies across the input sequence. While highly expressive for brief texts, the quadratic time and memory scaling relative to context length introduces substantial computational bottlenecks when analyzing long-form documents. Formulated in CSFCube aspect #2.","In computational evaluation #002, Transformers depend on multi-head self-attention layers to model token-to-token dependencies across the input sequence. While highly expressive for brief texts, the quadratic time and memory scaling relative to context length introduces substantial computational bottlenecks when analyzing long-form documents. Formulated in CSFCube aspect #2.",1
ACAD_002,academic,D3_BMX_Hybrid,Tier1_Static,0.5218,0.5218,0.0,0.75,0.9341,0.75,True,True,True,1,"Transformer architectures rely heavily on multi-head self-attention mechanisms to compute pairwise relationships between all tokens in a sequence. Although effective for short sequences, the quadratic computational complexity with respect to sequence length imposes severe memory bottlenecks during document-level representation learning. Described in CSFCube facet #2.","Transformers depend on multi-head self-attention layers to model token-to-token dependencies across the input sequence. While highly expressive for brief texts, the quadratic time and memory scaling relative to context length introduces substantial computational bottlenecks when analyzing long-form documents. Formulated in CSFCube aspect #2.","Transformers depend on multi-head self-attention layers to model token-to-token dependencies across the input sequence. While highly expressive for brief texts, the quadratic time and memory scaling relative to context length introduces substantial computational bottlenecks when analyzing long-form documents. Formulated in CSFCube aspect #2.",0
ACAD_002,academic,D3_BMX_Hybrid,Tier2_Saliency,0.5218,0.5218,0.0,0.75,0.9341,0.75,True,True,True,1,"Transformer architectures rely heavily on multi-head self-attention mechanisms to compute pairwise relationships between all tokens in a sequence. Although effective for short sequences, the quadratic computational complexity with respect to sequence length imposes severe memory bottlenecks during document-level representation learning. Described in CSFCube facet #2.","Transformers depend on multi-head self-attention layers to model token-to-token dependencies across the input sequence. While highly expressive for brief texts, the quadratic time and memory scaling relative to context length introduces substantial computational bottlenecks when analyzing long-form documents. Formulated in CSFCube aspect #2.","Transformers depend on multi-head self-attention layers to model token-to-token dependencies across the input sequence. While highly expressive for brief texts, the quadratic time and memory scaling relative to context length introduces substantial computational bottlenecks when analyzing long-form documents. Formulated in CSFCube aspect #2.",0
ACAD_002,academic,D3_BMX_Hybrid,Corpus_Adversarial,0.5218,0.5162,0.0056,0.75,0.8129,0.75,True,True,True,2,"Transformer architectures rely heavily on multi-head self-attention mechanisms to compute pairwise relationships between all tokens in a sequence. Although effective for short sequences, the quadratic computational complexity with respect to sequence length imposes severe memory bottlenecks during document-level representation learning. Described in CSFCube facet #2.","Transformers depend on multi-head self-attention layers to model token-to-token dependencies across the input sequence. While highly expressive for brief texts, the quadratic time and memory scaling relative to context length introduces substantial computational bottlenecks when analyzing long-form documents. Formulated in CSFCube aspect #2.","In computational evaluation #002, Transformers depend on multi-head self-attention layers to model token-to-token dependencies across the input sequence. While highly expressive for brief texts, the quadratic time and memory scaling relative to context length introduces substantial computational bottlenecks when analyzing long-form documents. Formulated in CSFCube aspect #2.",1
ACAD_002,academic,D4_ColBERT_MultiVector,Tier1_Static,0.7521,0.6861,0.066,0.75,0.9242,0.75,True,True,True,2,"Transformer architectures rely heavily on multi-head self-attention mechanisms to compute pairwise relationships between all tokens in a sequence. Although effective for short sequences, the quadratic computational complexity with respect to sequence length imposes severe memory bottlenecks during document-level representation learning. Described in CSFCube facet #2.","Transformers depend on multi-head self-attention layers to model token-to-token dependencies across the input sequence. While highly expressive for brief texts, the quadratic time and memory scaling relative to context length introduces substantial computational bottlenecks when analyzing long-form documents. Formulated in CSFCube aspect #2.","Transformers leverage multi-branch attention mechanisms layers to encode token-to-token dependencies across the input sequence. While highly expressive for brief texts, the quadratic time and memory scaling relative to context length introduces substantial resource limits when analyzing lengthy document sequences. Formulated in CSFCube aspect #2.",1
ACAD_002,academic,D4_ColBERT_MultiVector,Tier2_Saliency,0.7521,0.6691,0.083,0.75,0.9197,0.75,True,True,True,9,"Transformer architectures rely heavily on multi-head self-attention mechanisms to compute pairwise relationships between all tokens in a sequence. Although effective for short sequences, the quadratic computational complexity with respect to sequence length imposes severe memory bottlenecks during document-level representation learning. Described in CSFCube facet #2.","Transformers depend on multi-head self-attention layers to model token-to-token dependencies across the input sequence. While highly expressive for brief texts, the quadratic time and memory scaling relative to context length introduces substantial computational bottlenecks when analyzing long-form documents. Formulated in CSFCube aspect #2.","Transformers leverage multi-branch attention mechanisms layers to encode token-to-token dependencies across the input sequence. While highly expressive for brief texts, the quadratic time and memory scaling relative to context length introduces substantial resource limits when analyzing voluminous contexts. Formulated in CSFCube aspect #2.",1
ACAD_002,academic,D4_ColBERT_MultiVector,Corpus_Adversarial,0.7521,0.7404,0.0117,0.75,0.8129,0.75,True,True,True,2,"Transformer architectures rely heavily on multi-head self-attention mechanisms to compute pairwise relationships between all tokens in a sequence. Although effective for short sequences, the quadratic computational complexity with respect to sequence length imposes severe memory bottlenecks during document-level representation learning. Described in CSFCube facet #2.","Transformers depend on multi-head self-attention layers to model token-to-token dependencies across the input sequence. While highly expressive for brief texts, the quadratic time and memory scaling relative to context length introduces substantial computational bottlenecks when analyzing long-form documents. Formulated in CSFCube aspect #2.","In computational evaluation #002, Transformers depend on multi-head self-attention layers to model token-to-token dependencies across the input sequence. While highly expressive for brief texts, the quadratic time and memory scaling relative to context length introduces substantial computational bottlenecks when analyzing long-form documents. Formulated in CSFCube aspect #2.",1
ACAD_002,academic,D5_Longformer,Tier1_Static,0.8443,0.769,0.0753,0.75,0.9277,0.75,False,True,False,2,"Transformer architectures rely heavily on multi-head self-attention mechanisms to compute pairwise relationships between all tokens in a sequence. Although effective for short sequences, the quadratic computational complexity with respect to sequence length imposes severe memory bottlenecks during document-level representation learning. Described in CSFCube facet #2.","Transformers depend on multi-head self-attention layers to model token-to-token dependencies across the input sequence. While highly expressive for brief texts, the quadratic time and memory scaling relative to context length introduces substantial computational bottlenecks when analyzing long-form documents. Formulated in CSFCube aspect #2.","Transformers rely extensively on multi-branch attention mechanisms layers to encode token-to-token dependencies across the input sequence. While highly expressive for brief texts, the quadratic time and memory scaling relative to context length introduces substantial efficiency constraints when analyzing extended text corpora. Formulated in CSFCube aspect #2.",1
ACAD_002,academic,D5_Longformer,Tier2_Saliency,0.8443,0.774,0.0703,0.75,0.9068,0.75,False,True,False,50,"Transformer architectures rely heavily on multi-head self-attention mechanisms to compute pairwise relationships between all tokens in a sequence. Although effective for short sequences, the quadratic computational complexity with respect to sequence length imposes severe memory bottlenecks during document-level representation learning. Described in CSFCube facet #2.","Transformers depend on multi-head self-attention layers to model token-to-token dependencies across the input sequence. While highly expressive for brief texts, the quadratic time and memory scaling relative to context length introduces substantial computational bottlenecks when analyzing long-form documents. Formulated in CSFCube aspect #2.","Transformers leverage multi-branch attention mechanisms layers to map token-to-token dependencies across the input sequence. While highly expressive for brief texts, the quadratic time and memory scaling relative to context length introduces substantial efficiency constraints when analyzing voluminous contexts. Formulated in CSFCube aspect #2.",6
ACAD_002,academic,D5_Longformer,Corpus_Adversarial,0.8443,0.8323,0.012,0.75,0.8129,0.75,False,True,False,2,"Transformer architectures rely heavily on multi-head self-attention mechanisms to compute pairwise relationships between all tokens in a sequence. Although effective for short sequences, the quadratic computational complexity with respect to sequence length imposes severe memory bottlenecks during document-level representation learning. Described in CSFCube facet #2.","Transformers depend on multi-head self-attention layers to model token-to-token dependencies across the input sequence. While highly expressive for brief texts, the quadratic time and memory scaling relative to context length introduces substantial computational bottlenecks when analyzing long-form documents. Formulated in CSFCube aspect #2.","In computational evaluation #002, Transformers depend on multi-head self-attention layers to model token-to-token dependencies across the input sequence. While highly expressive for brief texts, the quadratic time and memory scaling relative to context length introduces substantial computational bottlenecks when analyzing long-form documents. Formulated in CSFCube aspect #2.",1
ACAD_003,academic,D1_SBERT,Tier1_Static,0.7318,0.7318,0.0,0.75,0.8132,0.75,True,True,True,1,Denoising diffusion probabilistic models generate high-fidelity samples by iteratively reversing a parameterized Markovian forward process that systematically corrupts data with Gaussian noise. Training optimizes a variational bound on the data likelihood parameterized as an objective predicting the added noise vectors at each timestep. Described in CSFCube facet #3.,Diffusion models synthesize high-quality images by progressively inverting a forward Markov chain that incrementally perturbs input images with Gaussian noise. The neural network optimizes a variational lower bound by estimating the exact noise component introduced at each discrete timestep. Formulated in CSFCube aspect #3.,Diffusion models synthesize high-quality images by progressively inverting a forward Markov chain that incrementally perturbs input images with Gaussian noise. The neural network optimizes a variational lower bound by estimating the exact noise component introduced at each discrete timestep. Formulated in CSFCube aspect #3.,0
ACAD_003,academic,D1_SBERT,Tier2_Saliency,0.7318,0.7318,0.0,0.75,0.8132,0.75,True,True,True,1,Denoising diffusion probabilistic models generate high-fidelity samples by iteratively reversing a parameterized Markovian forward process that systematically corrupts data with Gaussian noise. Training optimizes a variational bound on the data likelihood parameterized as an objective predicting the added noise vectors at each timestep. Described in CSFCube facet #3.,Diffusion models synthesize high-quality images by progressively inverting a forward Markov chain that incrementally perturbs input images with Gaussian noise. The neural network optimizes a variational lower bound by estimating the exact noise component introduced at each discrete timestep. Formulated in CSFCube aspect #3.,Diffusion models synthesize high-quality images by progressively inverting a forward Markov chain that incrementally perturbs input images with Gaussian noise. The neural network optimizes a variational lower bound by estimating the exact noise component introduced at each discrete timestep. Formulated in CSFCube aspect #3.,0
ACAD_003,academic,D1_SBERT,Corpus_Adversarial,0.7318,0.7271,0.0046,0.75,0.7744,0.75,True,True,True,2,Denoising diffusion probabilistic models generate high-fidelity samples by iteratively reversing a parameterized Markovian forward process that systematically corrupts data with Gaussian noise. Training optimizes a variational bound on the data likelihood parameterized as an objective predicting the added noise vectors at each timestep. Described in CSFCube facet #3.,Diffusion models synthesize high-quality images by progressively inverting a forward Markov chain that incrementally perturbs input images with Gaussian noise. The neural network optimizes a variational lower bound by estimating the exact noise component introduced at each discrete timestep. Formulated in CSFCube aspect #3.,"In computational evaluation #003, Diffusion models synthesize high-quality images by progressively inverting a forward Markov chain that incrementally perturbs input images with Gaussian noise. The neural network optimizes a variational lower bound by estimating the exact noise component introduced at each discrete timestep. Formulated in CSFCube aspect #3.",1
ACAD_003,academic,D2_SimCSE,Tier1_Static,0.9001,0.9001,0.0,0.75,0.8132,0.75,False,True,False,2,Denoising diffusion probabilistic models generate high-fidelity samples by iteratively reversing a parameterized Markovian forward process that systematically corrupts data with Gaussian noise. Training optimizes a variational bound on the data likelihood parameterized as an objective predicting the added noise vectors at each timestep. Described in CSFCube facet #3.,Diffusion models synthesize high-quality images by progressively inverting a forward Markov chain that incrementally perturbs input images with Gaussian noise. The neural network optimizes a variational lower bound by estimating the exact noise component introduced at each discrete timestep. Formulated in CSFCube aspect #3.,Diffusion models synthesize high-quality images by progressively inverting a forward Markov chain that incrementally perturbs input images with Gaussian noise. The neural network optimizes a variational lower bound by estimating the exact noise component introduced at each discrete timestep. Formulated in CSFCube aspect #3.,1
ACAD_003,academic,D2_SimCSE,Tier2_Saliency,0.9001,0.9001,0.0,0.75,0.8132,0.75,False,True,False,50,Denoising diffusion probabilistic models generate high-fidelity samples by iteratively reversing a parameterized Markovian forward process that systematically corrupts data with Gaussian noise. Training optimizes a variational bound on the data likelihood parameterized as an objective predicting the added noise vectors at each timestep. Described in CSFCube facet #3.,Diffusion models synthesize high-quality images by progressively inverting a forward Markov chain that incrementally perturbs input images with Gaussian noise. The neural network optimizes a variational lower bound by estimating the exact noise component introduced at each discrete timestep. Formulated in CSFCube aspect #3.,Diffusion models synthesize high-quality images by progressively inverting a forward Markov chain that incrementally perturbs input images with Gaussian noise. The neural network optimizes a variational lower bound by estimating the exact noise component introduced at each discrete timestep. Formulated in CSFCube aspect #3.,7
ACAD_003,academic,D2_SimCSE,Corpus_Adversarial,0.9001,0.8994,0.0006,0.75,0.7744,0.75,False,True,False,2,Denoising diffusion probabilistic models generate high-fidelity samples by iteratively reversing a parameterized Markovian forward process that systematically corrupts data with Gaussian noise. Training optimizes a variational bound on the data likelihood parameterized as an objective predicting the added noise vectors at each timestep. Described in CSFCube facet #3.,Diffusion models synthesize high-quality images by progressively inverting a forward Markov chain that incrementally perturbs input images with Gaussian noise. The neural network optimizes a variational lower bound by estimating the exact noise component introduced at each discrete timestep. Formulated in CSFCube aspect #3.,"In computational evaluation #003, Diffusion models synthesize high-quality images by progressively inverting a forward Markov chain that incrementally perturbs input images with Gaussian noise. The neural network optimizes a variational lower bound by estimating the exact noise component introduced at each discrete timestep. Formulated in CSFCube aspect #3.",1
ACAD_003,academic,D3_BMX_Hybrid,Tier1_Static,0.5074,0.5074,0.0,0.75,0.8132,0.75,True,True,True,1,Denoising diffusion probabilistic models generate high-fidelity samples by iteratively reversing a parameterized Markovian forward process that systematically corrupts data with Gaussian noise. Training optimizes a variational bound on the data likelihood parameterized as an objective predicting the added noise vectors at each timestep. Described in CSFCube facet #3.,Diffusion models synthesize high-quality images by progressively inverting a forward Markov chain that incrementally perturbs input images with Gaussian noise. The neural network optimizes a variational lower bound by estimating the exact noise component introduced at each discrete timestep. Formulated in CSFCube aspect #3.,Diffusion models synthesize high-quality images by progressively inverting a forward Markov chain that incrementally perturbs input images with Gaussian noise. The neural network optimizes a variational lower bound by estimating the exact noise component introduced at each discrete timestep. Formulated in CSFCube aspect #3.,0
ACAD_003,academic,D3_BMX_Hybrid,Tier2_Saliency,0.5074,0.5074,0.0,0.75,0.8132,0.75,True,True,True,1,Denoising diffusion probabilistic models generate high-fidelity samples by iteratively reversing a parameterized Markovian forward process that systematically corrupts data with Gaussian noise. Training optimizes a variational bound on the data likelihood parameterized as an objective predicting the added noise vectors at each timestep. Described in CSFCube facet #3.,Diffusion models synthesize high-quality images by progressively inverting a forward Markov chain that incrementally perturbs input images with Gaussian noise. The neural network optimizes a variational lower bound by estimating the exact noise component introduced at each discrete timestep. Formulated in CSFCube aspect #3.,Diffusion models synthesize high-quality images by progressively inverting a forward Markov chain that incrementally perturbs input images with Gaussian noise. The neural network optimizes a variational lower bound by estimating the exact noise component introduced at each discrete timestep. Formulated in CSFCube aspect #3.,0
ACAD_003,academic,D3_BMX_Hybrid,Corpus_Adversarial,0.5074,0.4971,0.0103,0.75,0.7744,0.75,True,True,True,2,Denoising diffusion probabilistic models generate high-fidelity samples by iteratively reversing a parameterized Markovian forward process that systematically corrupts data with Gaussian noise. Training optimizes a variational bound on the data likelihood parameterized as an objective predicting the added noise vectors at each timestep. Described in CSFCube facet #3.,Diffusion models synthesize high-quality images by progressively inverting a forward Markov chain that incrementally perturbs input images with Gaussian noise. The neural network optimizes a variational lower bound by estimating the exact noise component introduced at each discrete timestep. Formulated in CSFCube aspect #3.,"In computational evaluation #003, Diffusion models synthesize high-quality images by progressively inverting a forward Markov chain that incrementally perturbs input images with Gaussian noise. The neural network optimizes a variational lower bound by estimating the exact noise component introduced at each discrete timestep. Formulated in CSFCube aspect #3.",1
ACAD_003,academic,D4_ColBERT_MultiVector,Tier1_Static,0.6717,0.6717,0.0,0.75,0.8132,0.75,True,True,True,1,Denoising diffusion probabilistic models generate high-fidelity samples by iteratively reversing a parameterized Markovian forward process that systematically corrupts data with Gaussian noise. Training optimizes a variational bound on the data likelihood parameterized as an objective predicting the added noise vectors at each timestep. Described in CSFCube facet #3.,Diffusion models synthesize high-quality images by progressively inverting a forward Markov chain that incrementally perturbs input images with Gaussian noise. The neural network optimizes a variational lower bound by estimating the exact noise component introduced at each discrete timestep. Formulated in CSFCube aspect #3.,Diffusion models synthesize high-quality images by progressively inverting a forward Markov chain that incrementally perturbs input images with Gaussian noise. The neural network optimizes a variational lower bound by estimating the exact noise component introduced at each discrete timestep. Formulated in CSFCube aspect #3.,0
ACAD_003,academic,D4_ColBERT_MultiVector,Tier2_Saliency,0.6717,0.6717,0.0,0.75,0.8132,0.75,True,True,True,1,Denoising diffusion probabilistic models generate high-fidelity samples by iteratively reversing a parameterized Markovian forward process that systematically corrupts data with Gaussian noise. Training optimizes a variational bound on the data likelihood parameterized as an objective predicting the added noise vectors at each timestep. Described in CSFCube facet #3.,Diffusion models synthesize high-quality images by progressively inverting a forward Markov chain that incrementally perturbs input images with Gaussian noise. The neural network optimizes a variational lower bound by estimating the exact noise component introduced at each discrete timestep. Formulated in CSFCube aspect #3.,Diffusion models synthesize high-quality images by progressively inverting a forward Markov chain that incrementally perturbs input images with Gaussian noise. The neural network optimizes a variational lower bound by estimating the exact noise component introduced at each discrete timestep. Formulated in CSFCube aspect #3.,0
ACAD_003,academic,D4_ColBERT_MultiVector,Corpus_Adversarial,0.6717,0.6778,-0.0062,0.75,0.7744,0.75,True,True,True,2,Denoising diffusion probabilistic models generate high-fidelity samples by iteratively reversing a parameterized Markovian forward process that systematically corrupts data with Gaussian noise. Training optimizes a variational bound on the data likelihood parameterized as an objective predicting the added noise vectors at each timestep. Described in CSFCube facet #3.,Diffusion models synthesize high-quality images by progressively inverting a forward Markov chain that incrementally perturbs input images with Gaussian noise. The neural network optimizes a variational lower bound by estimating the exact noise component introduced at each discrete timestep. Formulated in CSFCube aspect #3.,"In computational evaluation #003, Diffusion models synthesize high-quality images by progressively inverting a forward Markov chain that incrementally perturbs input images with Gaussian noise. The neural network optimizes a variational lower bound by estimating the exact noise component introduced at each discrete timestep. Formulated in CSFCube aspect #3.",1
ACAD_003,academic,D5_Longformer,Tier1_Static,0.7318,0.7318,0.0,0.75,0.8132,0.75,True,True,True,1,Denoising diffusion probabilistic models generate high-fidelity samples by iteratively reversing a parameterized Markovian forward process that systematically corrupts data with Gaussian noise. Training optimizes a variational bound on the data likelihood parameterized as an objective predicting the added noise vectors at each timestep. Described in CSFCube facet #3.,Diffusion models synthesize high-quality images by progressively inverting a forward Markov chain that incrementally perturbs input images with Gaussian noise. The neural network optimizes a variational lower bound by estimating the exact noise component introduced at each discrete timestep. Formulated in CSFCube aspect #3.,Diffusion models synthesize high-quality images by progressively inverting a forward Markov chain that incrementally perturbs input images with Gaussian noise. The neural network optimizes a variational lower bound by estimating the exact noise component introduced at each discrete timestep. Formulated in CSFCube aspect #3.,0
ACAD_003,academic,D5_Longformer,Tier2_Saliency,0.7318,0.7318,0.0,0.75,0.8132,0.75,True,True,True,1,Denoising diffusion probabilistic models generate high-fidelity samples by iteratively reversing a parameterized Markovian forward process that systematically corrupts data with Gaussian noise. Training optimizes a variational bound on the data likelihood parameterized as an objective predicting the added noise vectors at each timestep. Described in CSFCube facet #3.,Diffusion models synthesize high-quality images by progressively inverting a forward Markov chain that incrementally perturbs input images with Gaussian noise. The neural network optimizes a variational lower bound by estimating the exact noise component introduced at each discrete timestep. Formulated in CSFCube aspect #3.,Diffusion models synthesize high-quality images by progressively inverting a forward Markov chain that incrementally perturbs input images with Gaussian noise. The neural network optimizes a variational lower bound by estimating the exact noise component introduced at each discrete timestep. Formulated in CSFCube aspect #3.,0
ACAD_003,academic,D5_Longformer,Corpus_Adversarial,0.7318,0.7271,0.0046,0.75,0.7744,0.75,True,True,True,2,Denoising diffusion probabilistic models generate high-fidelity samples by iteratively reversing a parameterized Markovian forward process that systematically corrupts data with Gaussian noise. Training optimizes a variational bound on the data likelihood parameterized as an objective predicting the added noise vectors at each timestep. Described in CSFCube facet #3.,Diffusion models synthesize high-quality images by progressively inverting a forward Markov chain that incrementally perturbs input images with Gaussian noise. The neural network optimizes a variational lower bound by estimating the exact noise component introduced at each discrete timestep. Formulated in CSFCube aspect #3.,"In computational evaluation #003, Diffusion models synthesize high-quality images by progressively inverting a forward Markov chain that incrementally perturbs input images with Gaussian noise. The neural network optimizes a variational lower bound by estimating the exact noise component introduced at each discrete timestep. Formulated in CSFCube aspect #3.",1
ACAD_004,academic,D1_SBERT,Tier1_Static,0.8101,0.8101,0.0,0.75,0.7471,0.75,False,False,False,2,Message passing neural networks update node representations by iteratively aggregating localized feature vectors from adjacent graph vertices through non-linear permutation-invariant permutation pooling functions followed by gated recurrent update functions. Described in CSFCube facet #4.,Graph message-passing architectures refine vertex embeddings by recursively gathering neighbor node features using permutation-invariant aggregation functions coupled with non-linear neural transformation layers. Formulated in CSFCube aspect #4.,Graph message-passing architectures refine vertex embeddings by recursively gathering neighbor node features using permutation-invariant aggregation functions coupled with non-linear neural transformation layers. Formulated in CSFCube aspect #4.,1
ACAD_004,academic,D1_SBERT,Tier2_Saliency,0.8101,0.8101,0.0,0.75,0.7471,0.75,False,False,False,50,Message passing neural networks update node representations by iteratively aggregating localized feature vectors from adjacent graph vertices through non-linear permutation-invariant permutation pooling functions followed by gated recurrent update functions. Described in CSFCube facet #4.,Graph message-passing architectures refine vertex embeddings by recursively gathering neighbor node features using permutation-invariant aggregation functions coupled with non-linear neural transformation layers. Formulated in CSFCube aspect #4.,Graph message-passing architectures refine vertex embeddings by recursively gathering neighbor node features using permutation-invariant aggregation functions coupled with non-linear neural transformation layers. Formulated in CSFCube aspect #4.,16
ACAD_004,academic,D1_SBERT,Corpus_Adversarial,0.8101,0.8103,-0.0002,0.75,0.7426,0.75,False,False,False,2,Message passing neural networks update node representations by iteratively aggregating localized feature vectors from adjacent graph vertices through non-linear permutation-invariant permutation pooling functions followed by gated recurrent update functions. Described in CSFCube facet #4.,Graph message-passing architectures refine vertex embeddings by recursively gathering neighbor node features using permutation-invariant aggregation functions coupled with non-linear neural transformation layers. Formulated in CSFCube aspect #4.,"In computational evaluation #004, Graph message-passing architectures refine vertex embeddings by recursively gathering neighbor node features using permutation-invariant aggregation functions coupled with non-linear neural transformation layers. Formulated in CSFCube aspect #4.",1
ACAD_004,academic,D2_SimCSE,Tier1_Static,0.9134,0.9134,0.0,0.75,0.7471,0.75,False,False,False,2,Message passing neural networks update node representations by iteratively aggregating localized feature vectors from adjacent graph vertices through non-linear permutation-invariant permutation pooling functions followed by gated recurrent update functions. Described in CSFCube facet #4.,Graph message-passing architectures refine vertex embeddings by recursively gathering neighbor node features using permutation-invariant aggregation functions coupled with non-linear neural transformation layers. Formulated in CSFCube aspect #4.,Graph message-passing architectures refine vertex embeddings by recursively gathering neighbor node features using permutation-invariant aggregation functions coupled with non-linear neural transformation layers. Formulated in CSFCube aspect #4.,1
ACAD_004,academic,D2_SimCSE,Tier2_Saliency,0.9134,0.9134,0.0,0.75,0.7471,0.75,False,False,False,50,Message passing neural networks update node representations by iteratively aggregating localized feature vectors from adjacent graph vertices through non-linear permutation-invariant permutation pooling functions followed by gated recurrent update functions. Described in CSFCube facet #4.,Graph message-passing architectures refine vertex embeddings by recursively gathering neighbor node features using permutation-invariant aggregation functions coupled with non-linear neural transformation layers. Formulated in CSFCube aspect #4.,Graph message-passing architectures refine vertex embeddings by recursively gathering neighbor node features using permutation-invariant aggregation functions coupled with non-linear neural transformation layers. Formulated in CSFCube aspect #4.,16
ACAD_004,academic,D2_SimCSE,Corpus_Adversarial,0.9134,0.9139,-0.0005,0.75,0.7426,0.75,False,False,False,2,Message passing neural networks update node representations by iteratively aggregating localized feature vectors from adjacent graph vertices through non-linear permutation-invariant permutation pooling functions followed by gated recurrent update functions. Described in CSFCube facet #4.,Graph message-passing architectures refine vertex embeddings by recursively gathering neighbor node features using permutation-invariant aggregation functions coupled with non-linear neural transformation layers. Formulated in CSFCube aspect #4.,"In computational evaluation #004, Graph message-passing architectures refine vertex embeddings by recursively gathering neighbor node features using permutation-invariant aggregation functions coupled with non-linear neural transformation layers. Formulated in CSFCube aspect #4.",1
ACAD_004,academic,D3_BMX_Hybrid,Tier1_Static,0.5231,0.5231,0.0,0.75,0.7471,0.75,True,False,False,1,Message passing neural networks update node representations by iteratively aggregating localized feature vectors from adjacent graph vertices through non-linear permutation-invariant permutation pooling functions followed by gated recurrent update functions. Described in CSFCube facet #4.,Graph message-passing architectures refine vertex embeddings by recursively gathering neighbor node features using permutation-invariant aggregation functions coupled with non-linear neural transformation layers. Formulated in CSFCube aspect #4.,Graph message-passing architectures refine vertex embeddings by recursively gathering neighbor node features using permutation-invariant aggregation functions coupled with non-linear neural transformation layers. Formulated in CSFCube aspect #4.,0
ACAD_004,academic,D3_BMX_Hybrid,Tier2_Saliency,0.5231,0.5231,0.0,0.75,0.7471,0.75,True,False,False,1,Message passing neural networks update node representations by iteratively aggregating localized feature vectors from adjacent graph vertices through non-linear permutation-invariant permutation pooling functions followed by gated recurrent update functions. Described in CSFCube facet #4.,Graph message-passing architectures refine vertex embeddings by recursively gathering neighbor node features using permutation-invariant aggregation functions coupled with non-linear neural transformation layers. Formulated in CSFCube aspect #4.,Graph message-passing architectures refine vertex embeddings by recursively gathering neighbor node features using permutation-invariant aggregation functions coupled with non-linear neural transformation layers. Formulated in CSFCube aspect #4.,0
ACAD_004,academic,D3_BMX_Hybrid,Corpus_Adversarial,0.5231,0.5142,0.0089,0.75,0.7426,0.75,True,False,False,2,Message passing neural networks update node representations by iteratively aggregating localized feature vectors from adjacent graph vertices through non-linear permutation-invariant permutation pooling functions followed by gated recurrent update functions. Described in CSFCube facet #4.,Graph message-passing architectures refine vertex embeddings by recursively gathering neighbor node features using permutation-invariant aggregation functions coupled with non-linear neural transformation layers. Formulated in CSFCube aspect #4.,"In computational evaluation #004, Graph message-passing architectures refine vertex embeddings by recursively gathering neighbor node features using permutation-invariant aggregation functions coupled with non-linear neural transformation layers. Formulated in CSFCube aspect #4.",1
ACAD_004,academic,D4_ColBERT_MultiVector,Tier1_Static,0.7155,0.7155,0.0,0.75,0.7471,0.75,True,False,False,1,Message passing neural networks update node representations by iteratively aggregating localized feature vectors from adjacent graph vertices through non-linear permutation-invariant permutation pooling functions followed by gated recurrent update functions. Described in CSFCube facet #4.,Graph message-passing architectures refine vertex embeddings by recursively gathering neighbor node features using permutation-invariant aggregation functions coupled with non-linear neural transformation layers. Formulated in CSFCube aspect #4.,Graph message-passing architectures refine vertex embeddings by recursively gathering neighbor node features using permutation-invariant aggregation functions coupled with non-linear neural transformation layers. Formulated in CSFCube aspect #4.,0
ACAD_004,academic,D4_ColBERT_MultiVector,Tier2_Saliency,0.7155,0.7155,0.0,0.75,0.7471,0.75,True,False,False,1,Message passing neural networks update node representations by iteratively aggregating localized feature vectors from adjacent graph vertices through non-linear permutation-invariant permutation pooling functions followed by gated recurrent update functions. Described in CSFCube facet #4.,Graph message-passing architectures refine vertex embeddings by recursively gathering neighbor node features using permutation-invariant aggregation functions coupled with non-linear neural transformation layers. Formulated in CSFCube aspect #4.,Graph message-passing architectures refine vertex embeddings by recursively gathering neighbor node features using permutation-invariant aggregation functions coupled with non-linear neural transformation layers. Formulated in CSFCube aspect #4.,0
ACAD_004,academic,D4_ColBERT_MultiVector,Corpus_Adversarial,0.7155,0.7151,0.0004,0.75,0.7426,0.75,True,False,False,2,Message passing neural networks update node representations by iteratively aggregating localized feature vectors from adjacent graph vertices through non-linear permutation-invariant permutation pooling functions followed by gated recurrent update functions. Described in CSFCube facet #4.,Graph message-passing architectures refine vertex embeddings by recursively gathering neighbor node features using permutation-invariant aggregation functions coupled with non-linear neural transformation layers. Formulated in CSFCube aspect #4.,"In computational evaluation #004, Graph message-passing architectures refine vertex embeddings by recursively gathering neighbor node features using permutation-invariant aggregation functions coupled with non-linear neural transformation layers. Formulated in CSFCube aspect #4.",1
ACAD_004,academic,D5_Longformer,Tier1_Static,0.8101,0.8101,0.0,0.75,0.7471,0.75,False,False,False,2,Message passing neural networks update node representations by iteratively aggregating localized feature vectors from adjacent graph vertices through non-linear permutation-invariant permutation pooling functions followed by gated recurrent update functions. Described in CSFCube facet #4.,Graph message-passing architectures refine vertex embeddings by recursively gathering neighbor node features using permutation-invariant aggregation functions coupled with non-linear neural transformation layers. Formulated in CSFCube aspect #4.,Graph message-passing architectures refine vertex embeddings by recursively gathering neighbor node features using permutation-invariant aggregation functions coupled with non-linear neural transformation layers. Formulated in CSFCube aspect #4.,1
ACAD_004,academic,D5_Longformer,Tier2_Saliency,0.8101,0.8101,0.0,0.75,0.7471,0.75,False,False,False,50,Message passing neural networks update node representations by iteratively aggregating localized feature vectors from adjacent graph vertices through non-linear permutation-invariant permutation pooling functions followed by gated recurrent update functions. Described in CSFCube facet #4.,Graph message-passing architectures refine vertex embeddings by recursively gathering neighbor node features using permutation-invariant aggregation functions coupled with non-linear neural transformation layers. Formulated in CSFCube aspect #4.,Graph message-passing architectures refine vertex embeddings by recursively gathering neighbor node features using permutation-invariant aggregation functions coupled with non-linear neural transformation layers. Formulated in CSFCube aspect #4.,16
ACAD_004,academic,D5_Longformer,Corpus_Adversarial,0.8101,0.8103,-0.0002,0.75,0.7426,0.75,False,False,False,2,Message passing neural networks update node representations by iteratively aggregating localized feature vectors from adjacent graph vertices through non-linear permutation-invariant permutation pooling functions followed by gated recurrent update functions. Described in CSFCube facet #4.,Graph message-passing architectures refine vertex embeddings by recursively gathering neighbor node features using permutation-invariant aggregation functions coupled with non-linear neural transformation layers. Formulated in CSFCube aspect #4.,"In computational evaluation #004, Graph message-passing architectures refine vertex embeddings by recursively gathering neighbor node features using permutation-invariant aggregation functions coupled with non-linear neural transformation layers. Formulated in CSFCube aspect #4.",1
NEWS_001,news,D1_SBERT,Tier1_Static,0.7386,0.7386,0.0,0.75,0.8844,0.75,True,True,True,1,"The central monetary authority unexpectedly raised baseline interest rates by fifty basis points on Thursday, citing persistent inflationary pressures and volatile energy commodity prices across international markets. Equity indices plummeted following the press briefing as investors weighed the likelihood of an impending recession. (SemEval-2022 Wire Dispatch #001).","In an unpredicted policy shift on Thursday, the central banking authority increased the benchmark interest rate by 50 basis points due to stubborn inflation and turbulent global energy markets. Financial markets dropped sharply during the subsequent press conference as traders assessed escalating recession risks. (Cross-Lingual News Feed #001).","In an unpredicted policy shift on Thursday, the central banking authority increased the benchmark interest rate by 50 basis points due to stubborn inflation and turbulent global energy markets. Financial markets dropped sharply during the subsequent press conference as traders assessed escalating recession risks. (Cross-Lingual News Feed #001).",0
NEWS_001,news,D1_SBERT,Tier2_Saliency,0.7386,0.7386,0.0,0.75,0.8844,0.75,True,True,True,1,"The central monetary authority unexpectedly raised baseline interest rates by fifty basis points on Thursday, citing persistent inflationary pressures and volatile energy commodity prices across international markets. Equity indices plummeted following the press briefing as investors weighed the likelihood of an impending recession. (SemEval-2022 Wire Dispatch #001).","In an unpredicted policy shift on Thursday, the central banking authority increased the benchmark interest rate by 50 basis points due to stubborn inflation and turbulent global energy markets. Financial markets dropped sharply during the subsequent press conference as traders assessed escalating recession risks. (Cross-Lingual News Feed #001).","In an unpredicted policy shift on Thursday, the central banking authority increased the benchmark interest rate by 50 basis points due to stubborn inflation and turbulent global energy markets. Financial markets dropped sharply during the subsequent press conference as traders assessed escalating recession risks. (Cross-Lingual News Feed #001).",0
NEWS_001,news,D1_SBERT,Corpus_Adversarial,0.7386,0.7556,-0.0171,0.75,0.8759,0.75,False,True,False,2,"The central monetary authority unexpectedly raised baseline interest rates by fifty basis points on Thursday, citing persistent inflationary pressures and volatile energy commodity prices across international markets. Equity indices plummeted following the press briefing as investors weighed the likelihood of an impending recession. (SemEval-2022 Wire Dispatch #001).","In an unpredicted policy shift on Thursday, the central banking authority increased the benchmark interest rate by 50 basis points due to stubborn inflation and turbulent global energy markets. Financial markets dropped sharply during the subsequent press conference as traders assessed escalating recession risks. (Cross-Lingual News Feed #001).","International news bulletin #001: In an unpredicted policy shift on Thursday, the central banking authority increased the benchmark interest rate by 50 basis points due to stubborn inflation and turbulent global energy markets. Financial markets dropped sharply during the subsequent press conference as traders assessed escalating recession risks. (Cross-Lingual News Feed #001).",1
NEWS_001,news,D2_SimCSE,Tier1_Static,0.9331,0.9404,-0.0072,0.75,0.852,0.75,False,True,False,2,"The central monetary authority unexpectedly raised baseline interest rates by fifty basis points on Thursday, citing persistent inflationary pressures and volatile energy commodity prices across international markets. Equity indices plummeted following the press briefing as investors weighed the likelihood of an impending recession. (SemEval-2022 Wire Dispatch #001).","In an unpredicted policy shift on Thursday, the central banking authority increased the benchmark interest rate by 50 basis points due to stubborn inflation and turbulent global energy markets. Financial markets dropped sharply during the subsequent press conference as traders assessed escalating recession risks. (Cross-Lingual News Feed #001).","In an unexpected strategic change on Thursday, the central banking authority increased the benchmark interest rate by 50 basis points due to stubborn inflation and turbulent global energy markets. Financial markets dropped sharply during the subsequent press conference as traders assessed escalating recession risks. (Cross-Lingual News Feed #001).",1
NEWS_001,news,D2_SimCSE,Tier2_Saliency,0.9331,0.9331,0.0,0.75,0.8844,0.75,False,True,False,50,"The central monetary authority unexpectedly raised baseline interest rates by fifty basis points on Thursday, citing persistent inflationary pressures and volatile energy commodity prices across international markets. Equity indices plummeted following the press briefing as investors weighed the likelihood of an impending recession. (SemEval-2022 Wire Dispatch #001).","In an unpredicted policy shift on Thursday, the central banking authority increased the benchmark interest rate by 50 basis points due to stubborn inflation and turbulent global energy markets. Financial markets dropped sharply during the subsequent press conference as traders assessed escalating recession risks. (Cross-Lingual News Feed #001).","In an unpredicted policy shift on Thursday, the central banking authority increased the benchmark interest rate by 50 basis points due to stubborn inflation and turbulent global energy markets. Financial markets dropped sharply during the subsequent press conference as traders assessed escalating recession risks. (Cross-Lingual News Feed #001).",6
NEWS_001,news,D2_SimCSE,Corpus_Adversarial,0.9331,0.9233,0.0098,0.75,0.8759,0.75,False,True,False,2,"The central monetary authority unexpectedly raised baseline interest rates by fifty basis points on Thursday, citing persistent inflationary pressures and volatile energy commodity prices across international markets. Equity indices plummeted following the press briefing as investors weighed the likelihood of an impending recession. (SemEval-2022 Wire Dispatch #001).","In an unpredicted policy shift on Thursday, the central banking authority increased the benchmark interest rate by 50 basis points due to stubborn inflation and turbulent global energy markets. Financial markets dropped sharply during the subsequent press conference as traders assessed escalating recession risks. (Cross-Lingual News Feed #001).","International news bulletin #001: In an unpredicted policy shift on Thursday, the central banking authority increased the benchmark interest rate by 50 basis points due to stubborn inflation and turbulent global energy markets. Financial markets dropped sharply during the subsequent press conference as traders assessed escalating recession risks. (Cross-Lingual News Feed #001).",1
NEWS_001,news,D3_BMX_Hybrid,Tier1_Static,0.4726,0.4726,0.0,0.75,0.8844,0.75,True,True,True,1,"The central monetary authority unexpectedly raised baseline interest rates by fifty basis points on Thursday, citing persistent inflationary pressures and volatile energy commodity prices across international markets. Equity indices plummeted following the press briefing as investors weighed the likelihood of an impending recession. (SemEval-2022 Wire Dispatch #001).","In an unpredicted policy shift on Thursday, the central banking authority increased the benchmark interest rate by 50 basis points due to stubborn inflation and turbulent global energy markets. Financial markets dropped sharply during the subsequent press conference as traders assessed escalating recession risks. (Cross-Lingual News Feed #001).","In an unpredicted policy shift on Thursday, the central banking authority increased the benchmark interest rate by 50 basis points due to stubborn inflation and turbulent global energy markets. Financial markets dropped sharply during the subsequent press conference as traders assessed escalating recession risks. (Cross-Lingual News Feed #001).",0
NEWS_001,news,D3_BMX_Hybrid,Tier2_Saliency,0.4726,0.4726,0.0,0.75,0.8844,0.75,True,True,True,1,"The central monetary authority unexpectedly raised baseline interest rates by fifty basis points on Thursday, citing persistent inflationary pressures and volatile energy commodity prices across international markets. Equity indices plummeted following the press briefing as investors weighed the likelihood of an impending recession. (SemEval-2022 Wire Dispatch #001).","In an unpredicted policy shift on Thursday, the central banking authority increased the benchmark interest rate by 50 basis points due to stubborn inflation and turbulent global energy markets. Financial markets dropped sharply during the subsequent press conference as traders assessed escalating recession risks. (Cross-Lingual News Feed #001).","In an unpredicted policy shift on Thursday, the central banking authority increased the benchmark interest rate by 50 basis points due to stubborn inflation and turbulent global energy markets. Financial markets dropped sharply during the subsequent press conference as traders assessed escalating recession risks. (Cross-Lingual News Feed #001).",0
NEWS_001,news,D3_BMX_Hybrid,Corpus_Adversarial,0.4726,0.4833,-0.0107,0.75,0.8759,0.75,True,True,True,2,"The central monetary authority unexpectedly raised baseline interest rates by fifty basis points on Thursday, citing persistent inflationary pressures and volatile energy commodity prices across international markets. Equity indices plummeted following the press briefing as investors weighed the likelihood of an impending recession. (SemEval-2022 Wire Dispatch #001).","In an unpredicted policy shift on Thursday, the central banking authority increased the benchmark interest rate by 50 basis points due to stubborn inflation and turbulent global energy markets. Financial markets dropped sharply during the subsequent press conference as traders assessed escalating recession risks. (Cross-Lingual News Feed #001).","International news bulletin #001: In an unpredicted policy shift on Thursday, the central banking authority increased the benchmark interest rate by 50 basis points due to stubborn inflation and turbulent global energy markets. Financial markets dropped sharply during the subsequent press conference as traders assessed escalating recession risks. (Cross-Lingual News Feed #001).",1
NEWS_001,news,D4_ColBERT_MultiVector,Tier1_Static,0.6463,0.6463,0.0,0.75,0.8844,0.75,True,True,True,1,"The central monetary authority unexpectedly raised baseline interest rates by fifty basis points on Thursday, citing persistent inflationary pressures and volatile energy commodity prices across international markets. Equity indices plummeted following the press briefing as investors weighed the likelihood of an impending recession. (SemEval-2022 Wire Dispatch #001).","In an unpredicted policy shift on Thursday, the central banking authority increased the benchmark interest rate by 50 basis points due to stubborn inflation and turbulent global energy markets. Financial markets dropped sharply during the subsequent press conference as traders assessed escalating recession risks. (Cross-Lingual News Feed #001).","In an unpredicted policy shift on Thursday, the central banking authority increased the benchmark interest rate by 50 basis points due to stubborn inflation and turbulent global energy markets. Financial markets dropped sharply during the subsequent press conference as traders assessed escalating recession risks. (Cross-Lingual News Feed #001).",0
NEWS_001,news,D4_ColBERT_MultiVector,Tier2_Saliency,0.6463,0.6463,0.0,0.75,0.8844,0.75,True,True,True,1,"The central monetary authority unexpectedly raised baseline interest rates by fifty basis points on Thursday, citing persistent inflationary pressures and volatile energy commodity prices across international markets. Equity indices plummeted following the press briefing as investors weighed the likelihood of an impending recession. (SemEval-2022 Wire Dispatch #001).","In an unpredicted policy shift on Thursday, the central banking authority increased the benchmark interest rate by 50 basis points due to stubborn inflation and turbulent global energy markets. Financial markets dropped sharply during the subsequent press conference as traders assessed escalating recession risks. (Cross-Lingual News Feed #001).","In an unpredicted policy shift on Thursday, the central banking authority increased the benchmark interest rate by 50 basis points due to stubborn inflation and turbulent global energy markets. Financial markets dropped sharply during the subsequent press conference as traders assessed escalating recession risks. (Cross-Lingual News Feed #001).",0
NEWS_001,news,D4_ColBERT_MultiVector,Corpus_Adversarial,0.6463,0.653,-0.0067,0.75,0.8759,0.75,True,True,True,2,"The central monetary authority unexpectedly raised baseline interest rates by fifty basis points on Thursday, citing persistent inflationary pressures and volatile energy commodity prices across international markets. Equity indices plummeted following the press briefing as investors weighed the likelihood of an impending recession. (SemEval-2022 Wire Dispatch #001).","In an unpredicted policy shift on Thursday, the central banking authority increased the benchmark interest rate by 50 basis points due to stubborn inflation and turbulent global energy markets. Financial markets dropped sharply during the subsequent press conference as traders assessed escalating recession risks. (Cross-Lingual News Feed #001).","International news bulletin #001: In an unpredicted policy shift on Thursday, the central banking authority increased the benchmark interest rate by 50 basis points due to stubborn inflation and turbulent global energy markets. Financial markets dropped sharply during the subsequent press conference as traders assessed escalating recession risks. (Cross-Lingual News Feed #001).",1
NEWS_001,news,D5_Longformer,Tier1_Static,0.7386,0.7386,0.0,0.75,0.8844,0.75,True,True,True,1,"The central monetary authority unexpectedly raised baseline interest rates by fifty basis points on Thursday, citing persistent inflationary pressures and volatile energy commodity prices across international markets. Equity indices plummeted following the press briefing as investors weighed the likelihood of an impending recession. (SemEval-2022 Wire Dispatch #001).","In an unpredicted policy shift on Thursday, the central banking authority increased the benchmark interest rate by 50 basis points due to stubborn inflation and turbulent global energy markets. Financial markets dropped sharply during the subsequent press conference as traders assessed escalating recession risks. (Cross-Lingual News Feed #001).","In an unpredicted policy shift on Thursday, the central banking authority increased the benchmark interest rate by 50 basis points due to stubborn inflation and turbulent global energy markets. Financial markets dropped sharply during the subsequent press conference as traders assessed escalating recession risks. (Cross-Lingual News Feed #001).",0
NEWS_001,news,D5_Longformer,Tier2_Saliency,0.7386,0.7386,0.0,0.75,0.8844,0.75,True,True,True,1,"The central monetary authority unexpectedly raised baseline interest rates by fifty basis points on Thursday, citing persistent inflationary pressures and volatile energy commodity prices across international markets. Equity indices plummeted following the press briefing as investors weighed the likelihood of an impending recession. (SemEval-2022 Wire Dispatch #001).","In an unpredicted policy shift on Thursday, the central banking authority increased the benchmark interest rate by 50 basis points due to stubborn inflation and turbulent global energy markets. Financial markets dropped sharply during the subsequent press conference as traders assessed escalating recession risks. (Cross-Lingual News Feed #001).","In an unpredicted policy shift on Thursday, the central banking authority increased the benchmark interest rate by 50 basis points due to stubborn inflation and turbulent global energy markets. Financial markets dropped sharply during the subsequent press conference as traders assessed escalating recession risks. (Cross-Lingual News Feed #001).",0
NEWS_001,news,D5_Longformer,Corpus_Adversarial,0.7386,0.7556,-0.0171,0.75,0.8759,0.75,False,True,False,2,"The central monetary authority unexpectedly raised baseline interest rates by fifty basis points on Thursday, citing persistent inflationary pressures and volatile energy commodity prices across international markets. Equity indices plummeted following the press briefing as investors weighed the likelihood of an impending recession. (SemEval-2022 Wire Dispatch #001).","In an unpredicted policy shift on Thursday, the central banking authority increased the benchmark interest rate by 50 basis points due to stubborn inflation and turbulent global energy markets. Financial markets dropped sharply during the subsequent press conference as traders assessed escalating recession risks. (Cross-Lingual News Feed #001).","International news bulletin #001: In an unpredicted policy shift on Thursday, the central banking authority increased the benchmark interest rate by 50 basis points due to stubborn inflation and turbulent global energy markets. Financial markets dropped sharply during the subsequent press conference as traders assessed escalating recession risks. (Cross-Lingual News Feed #001).",1
NEWS_002,news,D1_SBERT,Tier1_Static,0.7577,0.7561,0.0016,0.75,0.8771,0.75,False,True,False,2,Space exploration officials announced the successful launch of the next-generation meteorological satellite from the coastal spaceport early Tuesday morning. The orbital platform is equipped with advanced synthetic aperture radar to deliver real-time atmospheric moisture mapping and hurricane tracking data. (SemEval-2022 Wire Dispatch #002).,"Aerospace officials confirmed the flawless orbital launch of an advanced weather monitoring satellite from the maritime launch facility on Tuesday dawn. Featuring cutting-edge synthetic aperture radar sensors, the spacecraft will provide continuous atmospheric moisture observations and tropical storm tracking. (Cross-Lingual News Feed #002).","Aerospace officials confirmed the flawless orbital launch of an advanced weather monitoring satellite from the maritime launch facility on Tuesday dawn. Featuring cutting-edge synthetic aperture radar sensors, the spacecraft will provide round-the-clock atmospheric moisture observations and tropical storm tracking. (Cross-Lingual News Feed #002).",1
NEWS_002,news,D1_SBERT,Tier2_Saliency,0.7577,0.7535,0.0042,0.75,0.8694,0.75,False,True,False,50,Space exploration officials announced the successful launch of the next-generation meteorological satellite from the coastal spaceport early Tuesday morning. The orbital platform is equipped with advanced synthetic aperture radar to deliver real-time atmospheric moisture mapping and hurricane tracking data. (SemEval-2022 Wire Dispatch #002).,"Aerospace officials confirmed the flawless orbital launch of an advanced weather monitoring satellite from the maritime launch facility on Tuesday dawn. Featuring cutting-edge synthetic aperture radar sensors, the spacecraft will provide continuous atmospheric moisture observations and tropical storm tracking. (Cross-Lingual News Feed #002).","Aerospace officials confirmed the flawless orbital launch of an advanced weather monitoring satellite from the maritime launch facility on Tuesday dawn. Featuring cutting-edge synthetic aperture radar sensors, the spacecraft will provide unbroken atmospheric moisture observations and tropical storm tracking. (Cross-Lingual News Feed #002).",6
NEWS_002,news,D1_SBERT,Corpus_Adversarial,0.7577,0.764,-0.0063,0.75,0.8611,0.75,False,True,False,2,Space exploration officials announced the successful launch of the next-generation meteorological satellite from the coastal spaceport early Tuesday morning. The orbital platform is equipped with advanced synthetic aperture radar to deliver real-time atmospheric moisture mapping and hurricane tracking data. (SemEval-2022 Wire Dispatch #002).,"Aerospace officials confirmed the flawless orbital launch of an advanced weather monitoring satellite from the maritime launch facility on Tuesday dawn. Featuring cutting-edge synthetic aperture radar sensors, the spacecraft will provide continuous atmospheric moisture observations and tropical storm tracking. (Cross-Lingual News Feed #002).","International news bulletin #002: Aerospace officials confirmed the flawless orbital launch of an advanced weather monitoring satellite from the maritime launch facility on Tuesday dawn. Featuring cutting-edge synthetic aperture radar sensors, the spacecraft will provide continuous atmospheric moisture observations and tropical storm tracking. (Cross-Lingual News Feed #002).",1
NEWS_002,news,D2_SimCSE,Tier1_Static,0.9268,0.932,-0.0052,0.75,0.8699,0.75,False,True,False,2,Space exploration officials announced the successful launch of the next-generation meteorological satellite from the coastal spaceport early Tuesday morning. The orbital platform is equipped with advanced synthetic aperture radar to deliver real-time atmospheric moisture mapping and hurricane tracking data. (SemEval-2022 Wire Dispatch #002).,"Aerospace officials confirmed the flawless orbital launch of an advanced weather monitoring satellite from the maritime launch facility on Tuesday dawn. Featuring cutting-edge synthetic aperture radar sensors, the spacecraft will provide continuous atmospheric moisture observations and tropical storm tracking. (Cross-Lingual News Feed #002).","Aerospace officials confirmed the flawless orbital launch of an advanced weather monitoring satellite from the maritime launch facility on Tuesday dawn. Featuring cutting-edge synthetic aperture radar sensors, the spacecraft will provide uninterrupted atmospheric moisture observations and tropical storm tracking. (Cross-Lingual News Feed #002).",1
NEWS_002,news,D2_SimCSE,Tier2_Saliency,0.9268,0.9244,0.0023,0.75,0.8694,0.75,False,True,False,50,Space exploration officials announced the successful launch of the next-generation meteorological satellite from the coastal spaceport early Tuesday morning. The orbital platform is equipped with advanced synthetic aperture radar to deliver real-time atmospheric moisture mapping and hurricane tracking data. (SemEval-2022 Wire Dispatch #002).,"Aerospace officials confirmed the flawless orbital launch of an advanced weather monitoring satellite from the maritime launch facility on Tuesday dawn. Featuring cutting-edge synthetic aperture radar sensors, the spacecraft will provide continuous atmospheric moisture observations and tropical storm tracking. (Cross-Lingual News Feed #002).","Aerospace officials confirmed the flawless orbital launch of an advanced weather monitoring satellite from the maritime launch facility on Tuesday dawn. Featuring cutting-edge synthetic aperture radar sensors, the spacecraft will provide unbroken atmospheric moisture observations and tropical storm tracking. (Cross-Lingual News Feed #002).",6
NEWS_002,news,D2_SimCSE,Corpus_Adversarial,0.9268,0.9323,-0.0055,0.75,0.8611,0.75,False,True,False,2,Space exploration officials announced the successful launch of the next-generation meteorological satellite from the coastal spaceport early Tuesday morning. The orbital platform is equipped with advanced synthetic aperture radar to deliver real-time atmospheric moisture mapping and hurricane tracking data. (SemEval-2022 Wire Dispatch #002).,"Aerospace officials confirmed the flawless orbital launch of an advanced weather monitoring satellite from the maritime launch facility on Tuesday dawn. Featuring cutting-edge synthetic aperture radar sensors, the spacecraft will provide continuous atmospheric moisture observations and tropical storm tracking. (Cross-Lingual News Feed #002).","International news bulletin #002: Aerospace officials confirmed the flawless orbital launch of an advanced weather monitoring satellite from the maritime launch facility on Tuesday dawn. Featuring cutting-edge synthetic aperture radar sensors, the spacecraft will provide continuous atmospheric moisture observations and tropical storm tracking. (Cross-Lingual News Feed #002).",1
NEWS_002,news,D3_BMX_Hybrid,Tier1_Static,0.4911,0.4911,0.0,0.75,0.8712,0.75,True,True,True,1,Space exploration officials announced the successful launch of the next-generation meteorological satellite from the coastal spaceport early Tuesday morning. The orbital platform is equipped with advanced synthetic aperture radar to deliver real-time atmospheric moisture mapping and hurricane tracking data. (SemEval-2022 Wire Dispatch #002).,"Aerospace officials confirmed the flawless orbital launch of an advanced weather monitoring satellite from the maritime launch facility on Tuesday dawn. Featuring cutting-edge synthetic aperture radar sensors, the spacecraft will provide continuous atmospheric moisture observations and tropical storm tracking. (Cross-Lingual News Feed #002).","Aerospace officials confirmed the flawless orbital launch of an advanced weather monitoring satellite from the maritime launch facility on Tuesday dawn. Featuring cutting-edge synthetic aperture radar sensors, the spacecraft will provide continuous atmospheric moisture observations and tropical storm tracking. (Cross-Lingual News Feed #002).",0
NEWS_002,news,D3_BMX_Hybrid,Tier2_Saliency,0.4911,0.4911,0.0,0.75,0.8712,0.75,True,True,True,1,Space exploration officials announced the successful launch of the next-generation meteorological satellite from the coastal spaceport early Tuesday morning. The orbital platform is equipped with advanced synthetic aperture radar to deliver real-time atmospheric moisture mapping and hurricane tracking data. (SemEval-2022 Wire Dispatch #002).,"Aerospace officials confirmed the flawless orbital launch of an advanced weather monitoring satellite from the maritime launch facility on Tuesday dawn. Featuring cutting-edge synthetic aperture radar sensors, the spacecraft will provide continuous atmospheric moisture observations and tropical storm tracking. (Cross-Lingual News Feed #002).","Aerospace officials confirmed the flawless orbital launch of an advanced weather monitoring satellite from the maritime launch facility on Tuesday dawn. Featuring cutting-edge synthetic aperture radar sensors, the spacecraft will provide continuous atmospheric moisture observations and tropical storm tracking. (Cross-Lingual News Feed #002).",0
NEWS_002,news,D3_BMX_Hybrid,Corpus_Adversarial,0.4911,0.4885,0.0026,0.75,0.8611,0.75,True,True,True,2,Space exploration officials announced the successful launch of the next-generation meteorological satellite from the coastal spaceport early Tuesday morning. The orbital platform is equipped with advanced synthetic aperture radar to deliver real-time atmospheric moisture mapping and hurricane tracking data. (SemEval-2022 Wire Dispatch #002).,"Aerospace officials confirmed the flawless orbital launch of an advanced weather monitoring satellite from the maritime launch facility on Tuesday dawn. Featuring cutting-edge synthetic aperture radar sensors, the spacecraft will provide continuous atmospheric moisture observations and tropical storm tracking. (Cross-Lingual News Feed #002).","International news bulletin #002: Aerospace officials confirmed the flawless orbital launch of an advanced weather monitoring satellite from the maritime launch facility on Tuesday dawn. Featuring cutting-edge synthetic aperture radar sensors, the spacecraft will provide continuous atmospheric moisture observations and tropical storm tracking. (Cross-Lingual News Feed #002).",1
NEWS_002,news,D4_ColBERT_MultiVector,Tier1_Static,0.6622,0.6622,0.0,0.75,0.8712,0.75,True,True,True,1,Space exploration officials announced the successful launch of the next-generation meteorological satellite from the coastal spaceport early Tuesday morning. The orbital platform is equipped with advanced synthetic aperture radar to deliver real-time atmospheric moisture mapping and hurricane tracking data. (SemEval-2022 Wire Dispatch #002).,"Aerospace officials confirmed the flawless orbital launch of an advanced weather monitoring satellite from the maritime launch facility on Tuesday dawn. Featuring cutting-edge synthetic aperture radar sensors, the spacecraft will provide continuous atmospheric moisture observations and tropical storm tracking. (Cross-Lingual News Feed #002).","Aerospace officials confirmed the flawless orbital launch of an advanced weather monitoring satellite from the maritime launch facility on Tuesday dawn. Featuring cutting-edge synthetic aperture radar sensors, the spacecraft will provide continuous atmospheric moisture observations and tropical storm tracking. (Cross-Lingual News Feed #002).",0
NEWS_002,news,D4_ColBERT_MultiVector,Tier2_Saliency,0.6622,0.6622,0.0,0.75,0.8712,0.75,True,True,True,1,Space exploration officials announced the successful launch of the next-generation meteorological satellite from the coastal spaceport early Tuesday morning. The orbital platform is equipped with advanced synthetic aperture radar to deliver real-time atmospheric moisture mapping and hurricane tracking data. (SemEval-2022 Wire Dispatch #002).,"Aerospace officials confirmed the flawless orbital launch of an advanced weather monitoring satellite from the maritime launch facility on Tuesday dawn. Featuring cutting-edge synthetic aperture radar sensors, the spacecraft will provide continuous atmospheric moisture observations and tropical storm tracking. (Cross-Lingual News Feed #002).","Aerospace officials confirmed the flawless orbital launch of an advanced weather monitoring satellite from the maritime launch facility on Tuesday dawn. Featuring cutting-edge synthetic aperture radar sensors, the spacecraft will provide continuous atmospheric moisture observations and tropical storm tracking. (Cross-Lingual News Feed #002).",0
NEWS_002,news,D4_ColBERT_MultiVector,Corpus_Adversarial,0.6622,0.6667,-0.0045,0.75,0.8611,0.75,True,True,True,2,Space exploration officials announced the successful launch of the next-generation meteorological satellite from the coastal spaceport early Tuesday morning. The orbital platform is equipped with advanced synthetic aperture radar to deliver real-time atmospheric moisture mapping and hurricane tracking data. (SemEval-2022 Wire Dispatch #002).,"Aerospace officials confirmed the flawless orbital launch of an advanced weather monitoring satellite from the maritime launch facility on Tuesday dawn. Featuring cutting-edge synthetic aperture radar sensors, the spacecraft will provide continuous atmospheric moisture observations and tropical storm tracking. (Cross-Lingual News Feed #002).","International news bulletin #002: Aerospace officials confirmed the flawless orbital launch of an advanced weather monitoring satellite from the maritime launch facility on Tuesday dawn. Featuring cutting-edge synthetic aperture radar sensors, the spacecraft will provide continuous atmospheric moisture observations and tropical storm tracking. (Cross-Lingual News Feed #002).",1
NEWS_002,news,D5_Longformer,Tier1_Static,0.7577,0.7543,0.0034,0.75,0.8699,0.75,False,True,False,2,Space exploration officials announced the successful launch of the next-generation meteorological satellite from the coastal spaceport early Tuesday morning. The orbital platform is equipped with advanced synthetic aperture radar to deliver real-time atmospheric moisture mapping and hurricane tracking data. (SemEval-2022 Wire Dispatch #002).,"Aerospace officials confirmed the flawless orbital launch of an advanced weather monitoring satellite from the maritime launch facility on Tuesday dawn. Featuring cutting-edge synthetic aperture radar sensors, the spacecraft will provide continuous atmospheric moisture observations and tropical storm tracking. (Cross-Lingual News Feed #002).","Aerospace officials confirmed the flawless orbital launch of an advanced weather monitoring satellite from the maritime launch facility on Tuesday dawn. Featuring cutting-edge synthetic aperture radar sensors, the spacecraft will provide uninterrupted atmospheric moisture observations and tropical storm tracking. (Cross-Lingual News Feed #002).",1
NEWS_002,news,D5_Longformer,Tier2_Saliency,0.7577,0.7535,0.0042,0.75,0.8694,0.75,False,True,False,50,Space exploration officials announced the successful launch of the next-generation meteorological satellite from the coastal spaceport early Tuesday morning. The orbital platform is equipped with advanced synthetic aperture radar to deliver real-time atmospheric moisture mapping and hurricane tracking data. (SemEval-2022 Wire Dispatch #002).,"Aerospace officials confirmed the flawless orbital launch of an advanced weather monitoring satellite from the maritime launch facility on Tuesday dawn. Featuring cutting-edge synthetic aperture radar sensors, the spacecraft will provide continuous atmospheric moisture observations and tropical storm tracking. (Cross-Lingual News Feed #002).","Aerospace officials confirmed the flawless orbital launch of an advanced weather monitoring satellite from the maritime launch facility on Tuesday dawn. Featuring cutting-edge synthetic aperture radar sensors, the spacecraft will provide unbroken atmospheric moisture observations and tropical storm tracking. (Cross-Lingual News Feed #002).",6
NEWS_002,news,D5_Longformer,Corpus_Adversarial,0.7577,0.764,-0.0063,0.75,0.8611,0.75,False,True,False,2,Space exploration officials announced the successful launch of the next-generation meteorological satellite from the coastal spaceport early Tuesday morning. The orbital platform is equipped with advanced synthetic aperture radar to deliver real-time atmospheric moisture mapping and hurricane tracking data. (SemEval-2022 Wire Dispatch #002).,"Aerospace officials confirmed the flawless orbital launch of an advanced weather monitoring satellite from the maritime launch facility on Tuesday dawn. Featuring cutting-edge synthetic aperture radar sensors, the spacecraft will provide continuous atmospheric moisture observations and tropical storm tracking. (Cross-Lingual News Feed #002).","International news bulletin #002: Aerospace officials confirmed the flawless orbital launch of an advanced weather monitoring satellite from the maritime launch facility on Tuesday dawn. Featuring cutting-edge synthetic aperture radar sensors, the spacecraft will provide continuous atmospheric moisture observations and tropical storm tracking. (Cross-Lingual News Feed #002).",1
NEWS_003,news,D1_SBERT,Tier1_Static,0.6638,0.6638,0.0,0.75,0.7524,0.75,True,True,True,1,"The trade ministry approved a multi-billion dollar subsidy package to construct domestic semiconductor fabrication plants, aiming to insulate critical automotive and defense industries from global supply chain disruptions. (SemEval-2022 Wire Dispatch #003).",Government officials authorized billions in financial incentives for local semiconductor manufacturing facilities to protect automotive and defense sectors against foreign supply chain shocks. (Cross-Lingual News Feed #003).,Government officials authorized billions in financial incentives for local semiconductor manufacturing facilities to protect automotive and defense sectors against foreign supply chain shocks. (Cross-Lingual News Feed #003).,0
NEWS_003,news,D1_SBERT,Tier2_Saliency,0.6638,0.6638,0.0,0.75,0.7524,0.75,True,True,True,1,"The trade ministry approved a multi-billion dollar subsidy package to construct domestic semiconductor fabrication plants, aiming to insulate critical automotive and defense industries from global supply chain disruptions. (SemEval-2022 Wire Dispatch #003).",Government officials authorized billions in financial incentives for local semiconductor manufacturing facilities to protect automotive and defense sectors against foreign supply chain shocks. (Cross-Lingual News Feed #003).,Government officials authorized billions in financial incentives for local semiconductor manufacturing facilities to protect automotive and defense sectors against foreign supply chain shocks. (Cross-Lingual News Feed #003).,0
NEWS_003,news,D1_SBERT,Corpus_Adversarial,0.6638,0.6722,-0.0084,0.75,0.7594,0.75,True,True,True,2,"The trade ministry approved a multi-billion dollar subsidy package to construct domestic semiconductor fabrication plants, aiming to insulate critical automotive and defense industries from global supply chain disruptions. (SemEval-2022 Wire Dispatch #003).",Government officials authorized billions in financial incentives for local semiconductor manufacturing facilities to protect automotive and defense sectors against foreign supply chain shocks. (Cross-Lingual News Feed #003).,International news bulletin #003: Government officials authorized billions in financial incentives for local semiconductor manufacturing facilities to protect automotive and defense sectors against foreign supply chain shocks. (Cross-Lingual News Feed #003).,1
NEWS_003,news,D2_SimCSE,Tier1_Static,0.8772,0.8772,0.0,0.75,0.7524,0.75,False,True,False,2,"The trade ministry approved a multi-billion dollar subsidy package to construct domestic semiconductor fabrication plants, aiming to insulate critical automotive and defense industries from global supply chain disruptions. (SemEval-2022 Wire Dispatch #003).",Government officials authorized billions in financial incentives for local semiconductor manufacturing facilities to protect automotive and defense sectors against foreign supply chain shocks. (Cross-Lingual News Feed #003).,Government officials authorized billions in financial incentives for local semiconductor manufacturing facilities to protect automotive and defense sectors against foreign supply chain shocks. (Cross-Lingual News Feed #003).,1
NEWS_003,news,D2_SimCSE,Tier2_Saliency,0.8772,0.8772,0.0,0.75,0.7524,0.75,False,True,False,50,"The trade ministry approved a multi-billion dollar subsidy package to construct domestic semiconductor fabrication plants, aiming to insulate critical automotive and defense industries from global supply chain disruptions. (SemEval-2022 Wire Dispatch #003).",Government officials authorized billions in financial incentives for local semiconductor manufacturing facilities to protect automotive and defense sectors against foreign supply chain shocks. (Cross-Lingual News Feed #003).,Government officials authorized billions in financial incentives for local semiconductor manufacturing facilities to protect automotive and defense sectors against foreign supply chain shocks. (Cross-Lingual News Feed #003).,8
NEWS_003,news,D2_SimCSE,Corpus_Adversarial,0.8772,0.88,-0.0028,0.75,0.7594,0.75,False,True,False,2,"The trade ministry approved a multi-billion dollar subsidy package to construct domestic semiconductor fabrication plants, aiming to insulate critical automotive and defense industries from global supply chain disruptions. (SemEval-2022 Wire Dispatch #003).",Government officials authorized billions in financial incentives for local semiconductor manufacturing facilities to protect automotive and defense sectors against foreign supply chain shocks. (Cross-Lingual News Feed #003).,International news bulletin #003: Government officials authorized billions in financial incentives for local semiconductor manufacturing facilities to protect automotive and defense sectors against foreign supply chain shocks. (Cross-Lingual News Feed #003).,1
NEWS_003,news,D3_BMX_Hybrid,Tier1_Static,0.3946,0.3946,0.0,0.75,0.7524,0.75,True,True,True,1,"The trade ministry approved a multi-billion dollar subsidy package to construct domestic semiconductor fabrication plants, aiming to insulate critical automotive and defense industries from global supply chain disruptions. (SemEval-2022 Wire Dispatch #003).",Government officials authorized billions in financial incentives for local semiconductor manufacturing facilities to protect automotive and defense sectors against foreign supply chain shocks. (Cross-Lingual News Feed #003).,Government officials authorized billions in financial incentives for local semiconductor manufacturing facilities to protect automotive and defense sectors against foreign supply chain shocks. (Cross-Lingual News Feed #003).,0
NEWS_003,news,D3_BMX_Hybrid,Tier2_Saliency,0.3946,0.3946,0.0,0.75,0.7524,0.75,True,True,True,1,"The trade ministry approved a multi-billion dollar subsidy package to construct domestic semiconductor fabrication plants, aiming to insulate critical automotive and defense industries from global supply chain disruptions. (SemEval-2022 Wire Dispatch #003).",Government officials authorized billions in financial incentives for local semiconductor manufacturing facilities to protect automotive and defense sectors against foreign supply chain shocks. (Cross-Lingual News Feed #003).,Government officials authorized billions in financial incentives for local semiconductor manufacturing facilities to protect automotive and defense sectors against foreign supply chain shocks. (Cross-Lingual News Feed #003).,0
NEWS_003,news,D3_BMX_Hybrid,Corpus_Adversarial,0.3946,0.3944,0.0002,0.75,0.7594,0.75,True,True,True,2,"The trade ministry approved a multi-billion dollar subsidy package to construct domestic semiconductor fabrication plants, aiming to insulate critical automotive and defense industries from global supply chain disruptions. (SemEval-2022 Wire Dispatch #003).",Government officials authorized billions in financial incentives for local semiconductor manufacturing facilities to protect automotive and defense sectors against foreign supply chain shocks. (Cross-Lingual News Feed #003).,International news bulletin #003: Government officials authorized billions in financial incentives for local semiconductor manufacturing facilities to protect automotive and defense sectors against foreign supply chain shocks. (Cross-Lingual News Feed #003).,1
NEWS_003,news,D4_ColBERT_MultiVector,Tier1_Static,0.5636,0.5636,0.0,0.75,0.7524,0.75,True,True,True,1,"The trade ministry approved a multi-billion dollar subsidy package to construct domestic semiconductor fabrication plants, aiming to insulate critical automotive and defense industries from global supply chain disruptions. (SemEval-2022 Wire Dispatch #003).",Government officials authorized billions in financial incentives for local semiconductor manufacturing facilities to protect automotive and defense sectors against foreign supply chain shocks. (Cross-Lingual News Feed #003).,Government officials authorized billions in financial incentives for local semiconductor manufacturing facilities to protect automotive and defense sectors against foreign supply chain shocks. (Cross-Lingual News Feed #003).,0
NEWS_003,news,D4_ColBERT_MultiVector,Tier2_Saliency,0.5636,0.5636,0.0,0.75,0.7524,0.75,True,True,True,1,"The trade ministry approved a multi-billion dollar subsidy package to construct domestic semiconductor fabrication plants, aiming to insulate critical automotive and defense industries from global supply chain disruptions. (SemEval-2022 Wire Dispatch #003).",Government officials authorized billions in financial incentives for local semiconductor manufacturing facilities to protect automotive and defense sectors against foreign supply chain shocks. (Cross-Lingual News Feed #003).,Government officials authorized billions in financial incentives for local semiconductor manufacturing facilities to protect automotive and defense sectors against foreign supply chain shocks. (Cross-Lingual News Feed #003).,0
NEWS_003,news,D4_ColBERT_MultiVector,Corpus_Adversarial,0.5636,0.5777,-0.0141,0.75,0.7594,0.75,True,True,True,2,"The trade ministry approved a multi-billion dollar subsidy package to construct domestic semiconductor fabrication plants, aiming to insulate critical automotive and defense industries from global supply chain disruptions. (SemEval-2022 Wire Dispatch #003).",Government officials authorized billions in financial incentives for local semiconductor manufacturing facilities to protect automotive and defense sectors against foreign supply chain shocks. (Cross-Lingual News Feed #003).,International news bulletin #003: Government officials authorized billions in financial incentives for local semiconductor manufacturing facilities to protect automotive and defense sectors against foreign supply chain shocks. (Cross-Lingual News Feed #003).,1
NEWS_003,news,D5_Longformer,Tier1_Static,0.6638,0.6638,0.0,0.75,0.7524,0.75,True,True,True,1,"The trade ministry approved a multi-billion dollar subsidy package to construct domestic semiconductor fabrication plants, aiming to insulate critical automotive and defense industries from global supply chain disruptions. (SemEval-2022 Wire Dispatch #003).",Government officials authorized billions in financial incentives for local semiconductor manufacturing facilities to protect automotive and defense sectors against foreign supply chain shocks. (Cross-Lingual News Feed #003).,Government officials authorized billions in financial incentives for local semiconductor manufacturing facilities to protect automotive and defense sectors against foreign supply chain shocks. (Cross-Lingual News Feed #003).,0
NEWS_003,news,D5_Longformer,Tier2_Saliency,0.6638,0.6638,0.0,0.75,0.7524,0.75,True,True,True,1,"The trade ministry approved a multi-billion dollar subsidy package to construct domestic semiconductor fabrication plants, aiming to insulate critical automotive and defense industries from global supply chain disruptions. (SemEval-2022 Wire Dispatch #003).",Government officials authorized billions in financial incentives for local semiconductor manufacturing facilities to protect automotive and defense sectors against foreign supply chain shocks. (Cross-Lingual News Feed #003).,Government officials authorized billions in financial incentives for local semiconductor manufacturing facilities to protect automotive and defense sectors against foreign supply chain shocks. (Cross-Lingual News Feed #003).,0
NEWS_003,news,D5_Longformer,Corpus_Adversarial,0.6638,0.6722,-0.0084,0.75,0.7594,0.75,True,True,True,2,"The trade ministry approved a multi-billion dollar subsidy package to construct domestic semiconductor fabrication plants, aiming to insulate critical automotive and defense industries from global supply chain disruptions. (SemEval-2022 Wire Dispatch #003).",Government officials authorized billions in financial incentives for local semiconductor manufacturing facilities to protect automotive and defense sectors against foreign supply chain shocks. (Cross-Lingual News Feed #003).,International news bulletin #003: Government officials authorized billions in financial incentives for local semiconductor manufacturing facilities to protect automotive and defense sectors against foreign supply chain shocks. (Cross-Lingual News Feed #003).,1
NEWS_004,news,D1_SBERT,Tier1_Static,0.7207,0.7207,0.0,0.75,0.8572,0.75,True,True,True,1,Municipal regulators announced ambitious environmental guidelines requiring all public transit buses and commercial taxi fleets to transition to zero-emission battery electric drivetrains by the end of the decade. (SemEval-2022 Wire Dispatch #004).,City authorities enacted regulations mandating that commercial taxis and municipal bus networks adopt zero-emission electric vehicles before 2030. (Cross-Lingual News Feed #004).,City authorities enacted regulations mandating that commercial taxis and municipal bus networks adopt zero-emission electric vehicles before 2030. (Cross-Lingual News Feed #004).,0
NEWS_004,news,D1_SBERT,Tier2_Saliency,0.7207,0.7207,0.0,0.75,0.8572,0.75,True,True,True,1,Municipal regulators announced ambitious environmental guidelines requiring all public transit buses and commercial taxi fleets to transition to zero-emission battery electric drivetrains by the end of the decade. (SemEval-2022 Wire Dispatch #004).,City authorities enacted regulations mandating that commercial taxis and municipal bus networks adopt zero-emission electric vehicles before 2030. (Cross-Lingual News Feed #004).,City authorities enacted regulations mandating that commercial taxis and municipal bus networks adopt zero-emission electric vehicles before 2030. (Cross-Lingual News Feed #004).,0
NEWS_004,news,D1_SBERT,Corpus_Adversarial,0.7207,0.7235,-0.0029,0.75,0.8787,0.75,True,True,True,2,Municipal regulators announced ambitious environmental guidelines requiring all public transit buses and commercial taxi fleets to transition to zero-emission battery electric drivetrains by the end of the decade. (SemEval-2022 Wire Dispatch #004).,City authorities enacted regulations mandating that commercial taxis and municipal bus networks adopt zero-emission electric vehicles before 2030. (Cross-Lingual News Feed #004).,International news bulletin #004: City authorities enacted regulations mandating that commercial taxis and municipal bus networks adopt zero-emission electric vehicles before 2030. (Cross-Lingual News Feed #004).,1
NEWS_004,news,D2_SimCSE,Tier1_Static,0.926,0.926,0.0,0.75,0.8572,0.75,False,True,False,2,Municipal regulators announced ambitious environmental guidelines requiring all public transit buses and commercial taxi fleets to transition to zero-emission battery electric drivetrains by the end of the decade. (SemEval-2022 Wire Dispatch #004).,City authorities enacted regulations mandating that commercial taxis and municipal bus networks adopt zero-emission electric vehicles before 2030. (Cross-Lingual News Feed #004).,City authorities enacted regulations mandating that commercial taxis and municipal bus networks adopt zero-emission electric vehicles before 2030. (Cross-Lingual News Feed #004).,1
NEWS_004,news,D2_SimCSE,Tier2_Saliency,0.926,0.926,0.0,0.75,0.8572,0.75,False,True,False,50,Municipal regulators announced ambitious environmental guidelines requiring all public transit buses and commercial taxi fleets to transition to zero-emission battery electric drivetrains by the end of the decade. (SemEval-2022 Wire Dispatch #004).,City authorities enacted regulations mandating that commercial taxis and municipal bus networks adopt zero-emission electric vehicles before 2030. (Cross-Lingual News Feed #004).,City authorities enacted regulations mandating that commercial taxis and municipal bus networks adopt zero-emission electric vehicles before 2030. (Cross-Lingual News Feed #004).,8
NEWS_004,news,D2_SimCSE,Corpus_Adversarial,0.926,0.8889,0.0371,0.75,0.8787,0.75,False,True,False,2,Municipal regulators announced ambitious environmental guidelines requiring all public transit buses and commercial taxi fleets to transition to zero-emission battery electric drivetrains by the end of the decade. (SemEval-2022 Wire Dispatch #004).,City authorities enacted regulations mandating that commercial taxis and municipal bus networks adopt zero-emission electric vehicles before 2030. (Cross-Lingual News Feed #004).,International news bulletin #004: City authorities enacted regulations mandating that commercial taxis and municipal bus networks adopt zero-emission electric vehicles before 2030. (Cross-Lingual News Feed #004).,1
NEWS_004,news,D3_BMX_Hybrid,Tier1_Static,0.4194,0.4194,0.0,0.75,0.8572,0.75,True,True,True,1,Municipal regulators announced ambitious environmental guidelines requiring all public transit buses and commercial taxi fleets to transition to zero-emission battery electric drivetrains by the end of the decade. (SemEval-2022 Wire Dispatch #004).,City authorities enacted regulations mandating that commercial taxis and municipal bus networks adopt zero-emission electric vehicles before 2030. (Cross-Lingual News Feed #004).,City authorities enacted regulations mandating that commercial taxis and municipal bus networks adopt zero-emission electric vehicles before 2030. (Cross-Lingual News Feed #004).,0
NEWS_004,news,D3_BMX_Hybrid,Tier2_Saliency,0.4194,0.4194,0.0,0.75,0.8572,0.75,True,True,True,1,Municipal regulators announced ambitious environmental guidelines requiring all public transit buses and commercial taxi fleets to transition to zero-emission battery electric drivetrains by the end of the decade. (SemEval-2022 Wire Dispatch #004).,City authorities enacted regulations mandating that commercial taxis and municipal bus networks adopt zero-emission electric vehicles before 2030. (Cross-Lingual News Feed #004).,City authorities enacted regulations mandating that commercial taxis and municipal bus networks adopt zero-emission electric vehicles before 2030. (Cross-Lingual News Feed #004).,0
NEWS_004,news,D3_BMX_Hybrid,Corpus_Adversarial,0.4194,0.4164,0.0031,0.75,0.8787,0.75,True,True,True,2,Municipal regulators announced ambitious environmental guidelines requiring all public transit buses and commercial taxi fleets to transition to zero-emission battery electric drivetrains by the end of the decade. (SemEval-2022 Wire Dispatch #004).,City authorities enacted regulations mandating that commercial taxis and municipal bus networks adopt zero-emission electric vehicles before 2030. (Cross-Lingual News Feed #004).,International news bulletin #004: City authorities enacted regulations mandating that commercial taxis and municipal bus networks adopt zero-emission electric vehicles before 2030. (Cross-Lingual News Feed #004).,1
NEWS_004,news,D4_ColBERT_MultiVector,Tier1_Static,0.6007,0.6007,0.0,0.75,0.8572,0.75,True,True,True,1,Municipal regulators announced ambitious environmental guidelines requiring all public transit buses and commercial taxi fleets to transition to zero-emission battery electric drivetrains by the end of the decade. (SemEval-2022 Wire Dispatch #004).,City authorities enacted regulations mandating that commercial taxis and municipal bus networks adopt zero-emission electric vehicles before 2030. (Cross-Lingual News Feed #004).,City authorities enacted regulations mandating that commercial taxis and municipal bus networks adopt zero-emission electric vehicles before 2030. (Cross-Lingual News Feed #004).,0
NEWS_004,news,D4_ColBERT_MultiVector,Tier2_Saliency,0.6007,0.6007,0.0,0.75,0.8572,0.75,True,True,True,1,Municipal regulators announced ambitious environmental guidelines requiring all public transit buses and commercial taxi fleets to transition to zero-emission battery electric drivetrains by the end of the decade. (SemEval-2022 Wire Dispatch #004).,City authorities enacted regulations mandating that commercial taxis and municipal bus networks adopt zero-emission electric vehicles before 2030. (Cross-Lingual News Feed #004).,City authorities enacted regulations mandating that commercial taxis and municipal bus networks adopt zero-emission electric vehicles before 2030. (Cross-Lingual News Feed #004).,0
NEWS_004,news,D4_ColBERT_MultiVector,Corpus_Adversarial,0.6007,0.6109,-0.0102,0.75,0.8787,0.75,True,True,True,2,Municipal regulators announced ambitious environmental guidelines requiring all public transit buses and commercial taxi fleets to transition to zero-emission battery electric drivetrains by the end of the decade. (SemEval-2022 Wire Dispatch #004).,City authorities enacted regulations mandating that commercial taxis and municipal bus networks adopt zero-emission electric vehicles before 2030. (Cross-Lingual News Feed #004).,International news bulletin #004: City authorities enacted regulations mandating that commercial taxis and municipal bus networks adopt zero-emission electric vehicles before 2030. (Cross-Lingual News Feed #004).,1
NEWS_004,news,D5_Longformer,Tier1_Static,0.7207,0.7207,0.0,0.75,0.8572,0.75,True,True,True,1,Municipal regulators announced ambitious environmental guidelines requiring all public transit buses and commercial taxi fleets to transition to zero-emission battery electric drivetrains by the end of the decade. (SemEval-2022 Wire Dispatch #004).,City authorities enacted regulations mandating that commercial taxis and municipal bus networks adopt zero-emission electric vehicles before 2030. (Cross-Lingual News Feed #004).,City authorities enacted regulations mandating that commercial taxis and municipal bus networks adopt zero-emission electric vehicles before 2030. (Cross-Lingual News Feed #004).,0
NEWS_004,news,D5_Longformer,Tier2_Saliency,0.7207,0.7207,0.0,0.75,0.8572,0.75,True,True,True,1,Municipal regulators announced ambitious environmental guidelines requiring all public transit buses and commercial taxi fleets to transition to zero-emission battery electric drivetrains by the end of the decade. (SemEval-2022 Wire Dispatch #004).,City authorities enacted regulations mandating that commercial taxis and municipal bus networks adopt zero-emission electric vehicles before 2030. (Cross-Lingual News Feed #004).,City authorities enacted regulations mandating that commercial taxis and municipal bus networks adopt zero-emission electric vehicles before 2030. (Cross-Lingual News Feed #004).,0
NEWS_004,news,D5_Longformer,Corpus_Adversarial,0.7207,0.7235,-0.0029,0.75,0.8787,0.75,True,True,True,2,Municipal regulators announced ambitious environmental guidelines requiring all public transit buses and commercial taxi fleets to transition to zero-emission battery electric drivetrains by the end of the decade. (SemEval-2022 Wire Dispatch #004).,City authorities enacted regulations mandating that commercial taxis and municipal bus networks adopt zero-emission electric vehicles before 2030. (Cross-Lingual News Feed #004).,International news bulletin #004: City authorities enacted regulations mandating that commercial taxis and municipal bus networks adopt zero-emission electric vehicles before 2030. (Cross-Lingual News Feed #004).,1
PAD_001,padben,D1_SBERT,Tier1_Static,0.6574,0.6574,0.0,0.75,0.9169,0.75,True,True,True,1,The financial regulator imposed strict penalties on the banking institution for systemic compliance failures. (PADBen benchmark instance #001).,The monetary watchdog enforced severe sanctions on the banking firm for widespread regulatory non-compliance. (Adversarial obfuscation tier #001).,The monetary watchdog enforced severe sanctions on the banking firm for widespread regulatory non-compliance. (Adversarial obfuscation tier #001).,0
PAD_001,padben,D1_SBERT,Tier2_Saliency,0.6574,0.6574,0.0,0.75,0.9169,0.75,True,True,True,1,The financial regulator imposed strict penalties on the banking institution for systemic compliance failures. (PADBen benchmark instance #001).,The monetary watchdog enforced severe sanctions on the banking firm for widespread regulatory non-compliance. (Adversarial obfuscation tier #001).,The monetary watchdog enforced severe sanctions on the banking firm for widespread regulatory non-compliance. (Adversarial obfuscation tier #001).,0
PAD_001,padben,D1_SBERT,Corpus_Adversarial,0.6574,0.5405,0.1169,0.75,0.9273,0.75,True,True,True,2,The financial regulator imposed strict penalties on the banking institution for systemic compliance failures. (PADBen benchmark instance #001).,The monetary watchdog enforced severe sanctions on the banking firm for widespread regulatory non-compliance. (Adversarial obfuscation tier #001).,Syntactically sanitized text #001: The monetary watchdog enforced severe sanctions on the banking firm for widespread regulatory non-compliance. (Adversarial obfuscation tier #001).,1
PAD_001,padben,D2_SimCSE,Tier1_Static,0.9034,0.9034,0.0,0.75,0.9169,0.75,False,True,False,2,The financial regulator imposed strict penalties on the banking institution for systemic compliance failures. (PADBen benchmark instance #001).,The monetary watchdog enforced severe sanctions on the banking firm for widespread regulatory non-compliance. (Adversarial obfuscation tier #001).,The monetary watchdog enforced severe sanctions on the banking firm for widespread regulatory non-compliance. (Adversarial obfuscation tier #001).,1
PAD_001,padben,D2_SimCSE,Tier2_Saliency,0.9034,0.9034,0.0,0.75,0.9169,0.75,False,True,False,50,The financial regulator imposed strict penalties on the banking institution for systemic compliance failures. (PADBen benchmark instance #001).,The monetary watchdog enforced severe sanctions on the banking firm for widespread regulatory non-compliance. (Adversarial obfuscation tier #001).,The monetary watchdog enforced severe sanctions on the banking firm for widespread regulatory non-compliance. (Adversarial obfuscation tier #001).,8
PAD_001,padben,D2_SimCSE,Corpus_Adversarial,0.9034,0.8718,0.0317,0.75,0.9273,0.75,False,True,False,2,The financial regulator imposed strict penalties on the banking institution for systemic compliance failures. (PADBen benchmark instance #001).,The monetary watchdog enforced severe sanctions on the banking firm for widespread regulatory non-compliance. (Adversarial obfuscation tier #001).,Syntactically sanitized text #001: The monetary watchdog enforced severe sanctions on the banking firm for widespread regulatory non-compliance. (Adversarial obfuscation tier #001).,1
PAD_001,padben,D3_BMX_Hybrid,Tier1_Static,0.422,0.422,0.0,0.75,0.9169,0.75,True,True,True,1,The financial regulator imposed strict penalties on the banking institution for systemic compliance failures. (PADBen benchmark instance #001).,The monetary watchdog enforced severe sanctions on the banking firm for widespread regulatory non-compliance. (Adversarial obfuscation tier #001).,The monetary watchdog enforced severe sanctions on the banking firm for widespread regulatory non-compliance. (Adversarial obfuscation tier #001).,0
PAD_001,padben,D3_BMX_Hybrid,Tier2_Saliency,0.422,0.422,0.0,0.75,0.9169,0.75,True,True,True,1,The financial regulator imposed strict penalties on the banking institution for systemic compliance failures. (PADBen benchmark instance #001).,The monetary watchdog enforced severe sanctions on the banking firm for widespread regulatory non-compliance. (Adversarial obfuscation tier #001).,The monetary watchdog enforced severe sanctions on the banking firm for widespread regulatory non-compliance. (Adversarial obfuscation tier #001).,0
PAD_001,padben,D3_BMX_Hybrid,Corpus_Adversarial,0.422,0.3519,0.07,0.75,0.9273,0.75,True,True,True,2,The financial regulator imposed strict penalties on the banking institution for systemic compliance failures. (PADBen benchmark instance #001).,The monetary watchdog enforced severe sanctions on the banking firm for widespread regulatory non-compliance. (Adversarial obfuscation tier #001).,Syntactically sanitized text #001: The monetary watchdog enforced severe sanctions on the banking firm for widespread regulatory non-compliance. (Adversarial obfuscation tier #001).,1
PAD_001,padben,D4_ColBERT_MultiVector,Tier1_Static,0.5958,0.5958,0.0,0.75,0.9169,0.75,True,True,True,1,The financial regulator imposed strict penalties on the banking institution for systemic compliance failures. (PADBen benchmark instance #001).,The monetary watchdog enforced severe sanctions on the banking firm for widespread regulatory non-compliance. (Adversarial obfuscation tier #001).,The monetary watchdog enforced severe sanctions on the banking firm for widespread regulatory non-compliance. (Adversarial obfuscation tier #001).,0
PAD_001,padben,D4_ColBERT_MultiVector,Tier2_Saliency,0.5958,0.5958,0.0,0.75,0.9169,0.75,True,True,True,1,The financial regulator imposed strict penalties on the banking institution for systemic compliance failures. (PADBen benchmark instance #001).,The monetary watchdog enforced severe sanctions on the banking firm for widespread regulatory non-compliance. (Adversarial obfuscation tier #001).,The monetary watchdog enforced severe sanctions on the banking firm for widespread regulatory non-compliance. (Adversarial obfuscation tier #001).,0
PAD_001,padben,D4_ColBERT_MultiVector,Corpus_Adversarial,0.5958,0.5576,0.0382,0.75,0.9273,0.75,True,True,True,2,The financial regulator imposed strict penalties on the banking institution for systemic compliance failures. (PADBen benchmark instance #001).,The monetary watchdog enforced severe sanctions on the banking firm for widespread regulatory non-compliance. (Adversarial obfuscation tier #001).,Syntactically sanitized text #001: The monetary watchdog enforced severe sanctions on the banking firm for widespread regulatory non-compliance. (Adversarial obfuscation tier #001).,1
PAD_001,padben,D5_Longformer,Tier1_Static,0.6574,0.6574,0.0,0.75,0.9169,0.75,True,True,True,1,The financial regulator imposed strict penalties on the banking institution for systemic compliance failures. (PADBen benchmark instance #001).,The monetary watchdog enforced severe sanctions on the banking firm for widespread regulatory non-compliance. (Adversarial obfuscation tier #001).,The monetary watchdog enforced severe sanctions on the banking firm for widespread regulatory non-compliance. (Adversarial obfuscation tier #001).,0
PAD_001,padben,D5_Longformer,Tier2_Saliency,0.6574,0.6574,0.0,0.75,0.9169,0.75,True,True,True,1,The financial regulator imposed strict penalties on the banking institution for systemic compliance failures. (PADBen benchmark instance #001).,The monetary watchdog enforced severe sanctions on the banking firm for widespread regulatory non-compliance. (Adversarial obfuscation tier #001).,The monetary watchdog enforced severe sanctions on the banking firm for widespread regulatory non-compliance. (Adversarial obfuscation tier #001).,0
PAD_001,padben,D5_Longformer,Corpus_Adversarial,0.6574,0.5405,0.1169,0.75,0.9273,0.75,True,True,True,2,The financial regulator imposed strict penalties on the banking institution for systemic compliance failures. (PADBen benchmark instance #001).,The monetary watchdog enforced severe sanctions on the banking firm for widespread regulatory non-compliance. (Adversarial obfuscation tier #001).,Syntactically sanitized text #001: The monetary watchdog enforced severe sanctions on the banking firm for widespread regulatory non-compliance. (Adversarial obfuscation tier #001).,1
PAD_002,padben,D1_SBERT,Tier1_Static,0.8051,0.8051,0.0,0.75,0.7839,0.75,False,True,False,2,The cybersecurity response team contained the data breach within four hours of initial detection. (PADBen benchmark instance #002).,"Within four hours of its discovery, the data breach was effectively contained by the cybersecurity response team. (Adversarial obfuscation tier #002).","Within four hours of its discovery, the data breach was effectively contained by the cybersecurity response team. (Adversarial obfuscation tier #002).",1
PAD_002,padben,D1_SBERT,Tier2_Saliency,0.8051,0.8051,0.0,0.75,0.7839,0.75,False,True,False,50,The cybersecurity response team contained the data breach within four hours of initial detection. (PADBen benchmark instance #002).,"Within four hours of its discovery, the data breach was effectively contained by the cybersecurity response team. (Adversarial obfuscation tier #002).","Within four hours of its discovery, the data breach was effectively contained by the cybersecurity response team. (Adversarial obfuscation tier #002).",7
PAD_002,padben,D1_SBERT,Corpus_Adversarial,0.8051,0.7142,0.0909,0.75,0.8902,0.75,True,True,True,2,The cybersecurity response team contained the data breach within four hours of initial detection. (PADBen benchmark instance #002).,"Within four hours of its discovery, the data breach was effectively contained by the cybersecurity response team. (Adversarial obfuscation tier #002).","Syntactically sanitized text #002: Within four hours of its discovery, the data breach was effectively contained by the cybersecurity response team. (Adversarial obfuscation tier #002).",1
PAD_002,padben,D2_SimCSE,Tier1_Static,0.9608,0.9608,0.0,0.75,0.7839,0.75,False,True,False,2,The cybersecurity response team contained the data breach within four hours of initial detection. (PADBen benchmark instance #002).,"Within four hours of its discovery, the data breach was effectively contained by the cybersecurity response team. (Adversarial obfuscation tier #002).","Within four hours of its discovery, the data breach was effectively contained by the cybersecurity response team. (Adversarial obfuscation tier #002).",1
PAD_002,padben,D2_SimCSE,Tier2_Saliency,0.9608,0.9608,0.0,0.75,0.7839,0.75,False,True,False,50,The cybersecurity response team contained the data breach within four hours of initial detection. (PADBen benchmark instance #002).,"Within four hours of its discovery, the data breach was effectively contained by the cybersecurity response team. (Adversarial obfuscation tier #002).","Within four hours of its discovery, the data breach was effectively contained by the cybersecurity response team. (Adversarial obfuscation tier #002).",7
PAD_002,padben,D2_SimCSE,Corpus_Adversarial,0.9608,0.9308,0.03,0.75,0.8902,0.75,False,True,False,2,The cybersecurity response team contained the data breach within four hours of initial detection. (PADBen benchmark instance #002).,"Within four hours of its discovery, the data breach was effectively contained by the cybersecurity response team. (Adversarial obfuscation tier #002).","Syntactically sanitized text #002: Within four hours of its discovery, the data breach was effectively contained by the cybersecurity response team. (Adversarial obfuscation tier #002).",1
PAD_002,padben,D3_BMX_Hybrid,Tier1_Static,0.6219,0.6219,0.0,0.75,0.7839,0.75,True,True,True,1,The cybersecurity response team contained the data breach within four hours of initial detection. (PADBen benchmark instance #002).,"Within four hours of its discovery, the data breach was effectively contained by the cybersecurity response team. (Adversarial obfuscation tier #002).","Within four hours of its discovery, the data breach was effectively contained by the cybersecurity response team. (Adversarial obfuscation tier #002).",0
PAD_002,padben,D3_BMX_Hybrid,Tier2_Saliency,0.6219,0.6219,0.0,0.75,0.7839,0.75,True,True,True,1,The cybersecurity response team contained the data breach within four hours of initial detection. (PADBen benchmark instance #002).,"Within four hours of its discovery, the data breach was effectively contained by the cybersecurity response team. (Adversarial obfuscation tier #002).","Within four hours of its discovery, the data breach was effectively contained by the cybersecurity response team. (Adversarial obfuscation tier #002).",0
PAD_002,padben,D3_BMX_Hybrid,Corpus_Adversarial,0.6219,0.5458,0.0761,0.75,0.8902,0.75,True,True,True,2,The cybersecurity response team contained the data breach within four hours of initial detection. (PADBen benchmark instance #002).,"Within four hours of its discovery, the data breach was effectively contained by the cybersecurity response team. (Adversarial obfuscation tier #002).","Syntactically sanitized text #002: Within four hours of its discovery, the data breach was effectively contained by the cybersecurity response team. (Adversarial obfuscation tier #002).",1
PAD_002,padben,D4_ColBERT_MultiVector,Tier1_Static,0.7536,0.7536,0.0,0.75,0.7839,0.75,False,True,False,2,The cybersecurity response team contained the data breach within four hours of initial detection. (PADBen benchmark instance #002).,"Within four hours of its discovery, the data breach was effectively contained by the cybersecurity response team. (Adversarial obfuscation tier #002).","Within four hours of its discovery, the data breach was effectively contained by the cybersecurity response team. (Adversarial obfuscation tier #002).",1
PAD_002,padben,D4_ColBERT_MultiVector,Tier2_Saliency,0.7536,0.7536,0.0,0.75,0.7839,0.75,False,True,False,50,The cybersecurity response team contained the data breach within four hours of initial detection. (PADBen benchmark instance #002).,"Within four hours of its discovery, the data breach was effectively contained by the cybersecurity response team. (Adversarial obfuscation tier #002).","Within four hours of its discovery, the data breach was effectively contained by the cybersecurity response team. (Adversarial obfuscation tier #002).",7
PAD_002,padben,D4_ColBERT_MultiVector,Corpus_Adversarial,0.7536,0.7289,0.0246,0.75,0.8902,0.75,True,True,True,2,The cybersecurity response team contained the data breach within four hours of initial detection. (PADBen benchmark instance #002).,"Within four hours of its discovery, the data breach was effectively contained by the cybersecurity response team. (Adversarial obfuscation tier #002).","Syntactically sanitized text #002: Within four hours of its discovery, the data breach was effectively contained by the cybersecurity response team. (Adversarial obfuscation tier #002).",1
PAD_002,padben,D5_Longformer,Tier1_Static,0.8051,0.8051,0.0,0.75,0.7839,0.75,False,True,False,2,The cybersecurity response team contained the data breach within four hours of initial detection. (PADBen benchmark instance #002).,"Within four hours of its discovery, the data breach was effectively contained by the cybersecurity response team. (Adversarial obfuscation tier #002).","Within four hours of its discovery, the data breach was effectively contained by the cybersecurity response team. (Adversarial obfuscation tier #002).",1
PAD_002,padben,D5_Longformer,Tier2_Saliency,0.8051,0.8051,0.0,0.75,0.7839,0.75,False,True,False,50,The cybersecurity response team contained the data breach within four hours of initial detection. (PADBen benchmark instance #002).,"Within four hours of its discovery, the data breach was effectively contained by the cybersecurity response team. (Adversarial obfuscation tier #002).","Within four hours of its discovery, the data breach was effectively contained by the cybersecurity response team. (Adversarial obfuscation tier #002).",7
PAD_002,padben,D5_Longformer,Corpus_Adversarial,0.8051,0.7142,0.0909,0.75,0.8902,0.75,True,True,True,2,The cybersecurity response team contained the data breach within four hours of initial detection. (PADBen benchmark instance #002).,"Within four hours of its discovery, the data breach was effectively contained by the cybersecurity response team. (Adversarial obfuscation tier #002).","Syntactically sanitized text #002: Within four hours of its discovery, the data breach was effectively contained by the cybersecurity response team. (Adversarial obfuscation tier #002).",1
PAD_003,padben,D1_SBERT,Tier1_Static,0.4987,0.4987,0.0,0.75,0.9367,0.75,True,True,True,1,"Because the manufacturing plant suffered severe power outages, the company failed to meet its quarterly production quotas. (PADBen benchmark instance #003).",The company missed its quarterly output targets as a direct result of critical electricity failures at its manufacturing facility. (Adversarial obfuscation tier #003).,The company missed its quarterly output targets as a direct result of critical electricity failures at its manufacturing facility. (Adversarial obfuscation tier #003).,0
PAD_003,padben,D1_SBERT,Tier2_Saliency,0.4987,0.4987,0.0,0.75,0.9367,0.75,True,True,True,1,"Because the manufacturing plant suffered severe power outages, the company failed to meet its quarterly production quotas. (PADBen benchmark instance #003).",The company missed its quarterly output targets as a direct result of critical electricity failures at its manufacturing facility. (Adversarial obfuscation tier #003).,The company missed its quarterly output targets as a direct result of critical electricity failures at its manufacturing facility. (Adversarial obfuscation tier #003).,0
PAD_003,padben,D1_SBERT,Corpus_Adversarial,0.4987,0.3434,0.1553,0.75,0.9247,0.75,True,True,True,2,"Because the manufacturing plant suffered severe power outages, the company failed to meet its quarterly production quotas. (PADBen benchmark instance #003).",The company missed its quarterly output targets as a direct result of critical electricity failures at its manufacturing facility. (Adversarial obfuscation tier #003).,Syntactically sanitized text #003: The company missed its quarterly output targets as a direct result of critical electricity failures at its manufacturing facility. (Adversarial obfuscation tier #003).,1
PAD_003,padben,D2_SimCSE,Tier1_Static,0.9197,0.9197,0.0,0.75,0.9367,0.75,False,True,False,2,"Because the manufacturing plant suffered severe power outages, the company failed to meet its quarterly production quotas. (PADBen benchmark instance #003).",The company missed its quarterly output targets as a direct result of critical electricity failures at its manufacturing facility. (Adversarial obfuscation tier #003).,The company missed its quarterly output targets as a direct result of critical electricity failures at its manufacturing facility. (Adversarial obfuscation tier #003).,1
PAD_003,padben,D2_SimCSE,Tier2_Saliency,0.9197,0.9197,0.0,0.75,0.9367,0.75,False,True,False,50,"Because the manufacturing plant suffered severe power outages, the company failed to meet its quarterly production quotas. (PADBen benchmark instance #003).",The company missed its quarterly output targets as a direct result of critical electricity failures at its manufacturing facility. (Adversarial obfuscation tier #003).,The company missed its quarterly output targets as a direct result of critical electricity failures at its manufacturing facility. (Adversarial obfuscation tier #003).,8
PAD_003,padben,D2_SimCSE,Corpus_Adversarial,0.9197,0.8693,0.0504,0.75,0.9247,0.75,False,True,False,2,"Because the manufacturing plant suffered severe power outages, the company failed to meet its quarterly production quotas. (PADBen benchmark instance #003).",The company missed its quarterly output targets as a direct result of critical electricity failures at its manufacturing facility. (Adversarial obfuscation tier #003).,Syntactically sanitized text #003: The company missed its quarterly output targets as a direct result of critical electricity failures at its manufacturing facility. (Adversarial obfuscation tier #003).,1
PAD_003,padben,D3_BMX_Hybrid,Tier1_Static,0.3143,0.3143,0.0,0.75,0.9367,0.75,True,True,True,1,"Because the manufacturing plant suffered severe power outages, the company failed to meet its quarterly production quotas. (PADBen benchmark instance #003).",The company missed its quarterly output targets as a direct result of critical electricity failures at its manufacturing facility. (Adversarial obfuscation tier #003).,The company missed its quarterly output targets as a direct result of critical electricity failures at its manufacturing facility. (Adversarial obfuscation tier #003).,0
PAD_003,padben,D3_BMX_Hybrid,Tier2_Saliency,0.3143,0.3143,0.0,0.75,0.9367,0.75,True,True,True,1,"Because the manufacturing plant suffered severe power outages, the company failed to meet its quarterly production quotas. (PADBen benchmark instance #003).",The company missed its quarterly output targets as a direct result of critical electricity failures at its manufacturing facility. (Adversarial obfuscation tier #003).,The company missed its quarterly output targets as a direct result of critical electricity failures at its manufacturing facility. (Adversarial obfuscation tier #003).,0
PAD_003,padben,D3_BMX_Hybrid,Corpus_Adversarial,0.3143,0.2297,0.0846,0.75,0.9247,0.75,True,True,True,2,"Because the manufacturing plant suffered severe power outages, the company failed to meet its quarterly production quotas. (PADBen benchmark instance #003).",The company missed its quarterly output targets as a direct result of critical electricity failures at its manufacturing facility. (Adversarial obfuscation tier #003).,Syntactically sanitized text #003: The company missed its quarterly output targets as a direct result of critical electricity failures at its manufacturing facility. (Adversarial obfuscation tier #003).,1
PAD_003,padben,D4_ColBERT_MultiVector,Tier1_Static,0.5481,0.5481,0.0,0.75,0.9367,0.75,True,True,True,1,"Because the manufacturing plant suffered severe power outages, the company failed to meet its quarterly production quotas. (PADBen benchmark instance #003).",The company missed its quarterly output targets as a direct result of critical electricity failures at its manufacturing facility. (Adversarial obfuscation tier #003).,The company missed its quarterly output targets as a direct result of critical electricity failures at its manufacturing facility. (Adversarial obfuscation tier #003).,0
PAD_003,padben,D4_ColBERT_MultiVector,Tier2_Saliency,0.5481,0.5481,0.0,0.75,0.9367,0.75,True,True,True,1,"Because the manufacturing plant suffered severe power outages, the company failed to meet its quarterly production quotas. (PADBen benchmark instance #003).",The company missed its quarterly output targets as a direct result of critical electricity failures at its manufacturing facility. (Adversarial obfuscation tier #003).,The company missed its quarterly output targets as a direct result of critical electricity failures at its manufacturing facility. (Adversarial obfuscation tier #003).,0
PAD_003,padben,D4_ColBERT_MultiVector,Corpus_Adversarial,0.5481,0.4993,0.0488,0.75,0.9247,0.75,True,True,True,2,"Because the manufacturing plant suffered severe power outages, the company failed to meet its quarterly production quotas. (PADBen benchmark instance #003).",The company missed its quarterly output targets as a direct result of critical electricity failures at its manufacturing facility. (Adversarial obfuscation tier #003).,Syntactically sanitized text #003: The company missed its quarterly output targets as a direct result of critical electricity failures at its manufacturing facility. (Adversarial obfuscation tier #003).,1
PAD_003,padben,D5_Longformer,Tier1_Static,0.4987,0.4987,0.0,0.75,0.9367,0.75,True,True,True,1,"Because the manufacturing plant suffered severe power outages, the company failed to meet its quarterly production quotas. (PADBen benchmark instance #003).",The company missed its quarterly output targets as a direct result of critical electricity failures at its manufacturing facility. (Adversarial obfuscation tier #003).,The company missed its quarterly output targets as a direct result of critical electricity failures at its manufacturing facility. (Adversarial obfuscation tier #003).,0
PAD_003,padben,D5_Longformer,Tier2_Saliency,0.4987,0.4987,0.0,0.75,0.9367,0.75,True,True,True,1,"Because the manufacturing plant suffered severe power outages, the company failed to meet its quarterly production quotas. (PADBen benchmark instance #003).",The company missed its quarterly output targets as a direct result of critical electricity failures at its manufacturing facility. (Adversarial obfuscation tier #003).,The company missed its quarterly output targets as a direct result of critical electricity failures at its manufacturing facility. (Adversarial obfuscation tier #003).,0
PAD_003,padben,D5_Longformer,Corpus_Adversarial,0.4987,0.3434,0.1553,0.75,0.9247,0.75,True,True,True,2,"Because the manufacturing plant suffered severe power outages, the company failed to meet its quarterly production quotas. (PADBen benchmark instance #003).",The company missed its quarterly output targets as a direct result of critical electricity failures at its manufacturing facility. (Adversarial obfuscation tier #003).,Syntactically sanitized text #003: The company missed its quarterly output targets as a direct result of critical electricity failures at its manufacturing facility. (Adversarial obfuscation tier #003).,1
PAD_004,padben,D1_SBERT,Tier1_Static,0.6883,0.6883,0.0,0.75,0.7638,0.75,True,True,True,1,The research committee evaluated the clinical trial results thoroughly before recommending federal drug approval. (PADBen benchmark instance #004).,A comprehensive evaluation of the clinical trial outcomes was performed by the research committee prior to endorsing government approval. (Adversarial obfuscation tier #004).,A comprehensive evaluation of the clinical trial outcomes was performed by the research committee prior to endorsing government approval. (Adversarial obfuscation tier #004).,0
PAD_004,padben,D1_SBERT,Tier2_Saliency,0.6883,0.6883,0.0,0.75,0.7638,0.75,True,True,True,1,The research committee evaluated the clinical trial results thoroughly before recommending federal drug approval. (PADBen benchmark instance #004).,A comprehensive evaluation of the clinical trial outcomes was performed by the research committee prior to endorsing government approval. (Adversarial obfuscation tier #004).,A comprehensive evaluation of the clinical trial outcomes was performed by the research committee prior to endorsing government approval. (Adversarial obfuscation tier #004).,0
PAD_004,padben,D1_SBERT,Corpus_Adversarial,0.6883,0.5771,0.1112,0.75,0.7466,0.75,True,False,False,2,The research committee evaluated the clinical trial results thoroughly before recommending federal drug approval. (PADBen benchmark instance #004).,A comprehensive evaluation of the clinical trial outcomes was performed by the research committee prior to endorsing government approval. (Adversarial obfuscation tier #004).,Syntactically sanitized text #004: A comprehensive evaluation of the clinical trial outcomes was performed by the research committee prior to endorsing government approval. (Adversarial obfuscation tier #004).,1
PAD_004,padben,D2_SimCSE,Tier1_Static,0.91,0.91,0.0,0.75,0.7638,0.75,False,True,False,2,The research committee evaluated the clinical trial results thoroughly before recommending federal drug approval. (PADBen benchmark instance #004).,A comprehensive evaluation of the clinical trial outcomes was performed by the research committee prior to endorsing government approval. (Adversarial obfuscation tier #004).,A comprehensive evaluation of the clinical trial outcomes was performed by the research committee prior to endorsing government approval. (Adversarial obfuscation tier #004).,1
PAD_004,padben,D2_SimCSE,Tier2_Saliency,0.91,0.91,0.0,0.75,0.7638,0.75,False,True,False,50,The research committee evaluated the clinical trial results thoroughly before recommending federal drug approval. (PADBen benchmark instance #004).,A comprehensive evaluation of the clinical trial outcomes was performed by the research committee prior to endorsing government approval. (Adversarial obfuscation tier #004).,A comprehensive evaluation of the clinical trial outcomes was performed by the research committee prior to endorsing government approval. (Adversarial obfuscation tier #004).,8
PAD_004,padben,D2_SimCSE,Corpus_Adversarial,0.91,0.8548,0.0552,0.75,0.7466,0.75,False,False,False,2,The research committee evaluated the clinical trial results thoroughly before recommending federal drug approval. (PADBen benchmark instance #004).,A comprehensive evaluation of the clinical trial outcomes was performed by the research committee prior to endorsing government approval. (Adversarial obfuscation tier #004).,Syntactically sanitized text #004: A comprehensive evaluation of the clinical trial outcomes was performed by the research committee prior to endorsing government approval. (Adversarial obfuscation tier #004).,1
PAD_004,padben,D3_BMX_Hybrid,Tier1_Static,0.4427,0.4427,0.0,0.75,0.7638,0.75,True,True,True,1,The research committee evaluated the clinical trial results thoroughly before recommending federal drug approval. (PADBen benchmark instance #004).,A comprehensive evaluation of the clinical trial outcomes was performed by the research committee prior to endorsing government approval. (Adversarial obfuscation tier #004).,A comprehensive evaluation of the clinical trial outcomes was performed by the research committee prior to endorsing government approval. (Adversarial obfuscation tier #004).,0
PAD_004,padben,D3_BMX_Hybrid,Tier2_Saliency,0.4427,0.4427,0.0,0.75,0.7638,0.75,True,True,True,1,The research committee evaluated the clinical trial results thoroughly before recommending federal drug approval. (PADBen benchmark instance #004).,A comprehensive evaluation of the clinical trial outcomes was performed by the research committee prior to endorsing government approval. (Adversarial obfuscation tier #004).,A comprehensive evaluation of the clinical trial outcomes was performed by the research committee prior to endorsing government approval. (Adversarial obfuscation tier #004).,0
PAD_004,padben,D3_BMX_Hybrid,Corpus_Adversarial,0.4427,0.3758,0.0668,0.75,0.7466,0.75,True,False,False,2,The research committee evaluated the clinical trial results thoroughly before recommending federal drug approval. (PADBen benchmark instance #004).,A comprehensive evaluation of the clinical trial outcomes was performed by the research committee prior to endorsing government approval. (Adversarial obfuscation tier #004).,Syntactically sanitized text #004: A comprehensive evaluation of the clinical trial outcomes was performed by the research committee prior to endorsing government approval. (Adversarial obfuscation tier #004).,1
PAD_004,padben,D4_ColBERT_MultiVector,Tier1_Static,0.6382,0.6382,0.0,0.75,0.7638,0.75,True,True,True,1,The research committee evaluated the clinical trial results thoroughly before recommending federal drug approval. (PADBen benchmark instance #004).,A comprehensive evaluation of the clinical trial outcomes was performed by the research committee prior to endorsing government approval. (Adversarial obfuscation tier #004).,A comprehensive evaluation of the clinical trial outcomes was performed by the research committee prior to endorsing government approval. (Adversarial obfuscation tier #004).,0
PAD_004,padben,D4_ColBERT_MultiVector,Tier2_Saliency,0.6382,0.6382,0.0,0.75,0.7638,0.75,True,True,True,1,The research committee evaluated the clinical trial results thoroughly before recommending federal drug approval. (PADBen benchmark instance #004).,A comprehensive evaluation of the clinical trial outcomes was performed by the research committee prior to endorsing government approval. (Adversarial obfuscation tier #004).,A comprehensive evaluation of the clinical trial outcomes was performed by the research committee prior to endorsing government approval. (Adversarial obfuscation tier #004).,0
PAD_004,padben,D4_ColBERT_MultiVector,Corpus_Adversarial,0.6382,0.6163,0.0219,0.75,0.7466,0.75,True,False,False,2,The research committee evaluated the clinical trial results thoroughly before recommending federal drug approval. (PADBen benchmark instance #004).,A comprehensive evaluation of the clinical trial outcomes was performed by the research committee prior to endorsing government approval. (Adversarial obfuscation tier #004).,Syntactically sanitized text #004: A comprehensive evaluation of the clinical trial outcomes was performed by the research committee prior to endorsing government approval. (Adversarial obfuscation tier #004).,1
PAD_004,padben,D5_Longformer,Tier1_Static,0.6883,0.6883,0.0,0.75,0.7638,0.75,True,True,True,1,The research committee evaluated the clinical trial results thoroughly before recommending federal drug approval. (PADBen benchmark instance #004).,A comprehensive evaluation of the clinical trial outcomes was performed by the research committee prior to endorsing government approval. (Adversarial obfuscation tier #004).,A comprehensive evaluation of the clinical trial outcomes was performed by the research committee prior to endorsing government approval. (Adversarial obfuscation tier #004).,0
PAD_004,padben,D5_Longformer,Tier2_Saliency,0.6883,0.6883,0.0,0.75,0.7638,0.75,True,True,True,1,The research committee evaluated the clinical trial results thoroughly before recommending federal drug approval. (PADBen benchmark instance #004).,A comprehensive evaluation of the clinical trial outcomes was performed by the research committee prior to endorsing government approval. (Adversarial obfuscation tier #004).,A comprehensive evaluation of the clinical trial outcomes was performed by the research committee prior to endorsing government approval. (Adversarial obfuscation tier #004).,0
PAD_004,padben,D5_Longformer,Corpus_Adversarial,0.6883,0.5771,0.1112,0.75,0.7466,0.75,True,False,False,2,The research committee evaluated the clinical trial results thoroughly before recommending federal drug approval. (PADBen benchmark instance #004).,A comprehensive evaluation of the clinical trial outcomes was performed by the research committee prior to endorsing government approval. (Adversarial obfuscation tier #004).,Syntactically sanitized text #004: A comprehensive evaluation of the clinical trial outcomes was performed by the research committee prior to endorsing government approval. (Adversarial obfuscation tier #004).,1
